제목,저자,출판사,KDC
셰익스피어의 기억 ,호르헤 루이스 보르헤스 지음;황병하 옮김,민음사,873
칼잡이들의 이야기 ,호르헤 루이스 보르헤스 지음;황병하 옮김,민음사,873
알렙 ,호르헤 루이스 보르헤스 지음;황병하 옮김,민음사,873
픽션들 ,호르헤 루이스 보르헤스 지음;황병하 옮김,민음사,873
한강의 비밀을 찾아라! :하천을 둘러싼 생활 ,최재희 글;이수현 그림,휴먼어린이,980
어떤 집에 살까? :주거 환경과 인구 ,최재희 글;김민우 그림,휴먼어린이,980
문화적 기억과 초기 문명 ,"얀 아스만 지음;김구원 ,심재훈 옮김",푸른역사,909.2
"엄마 마흔, 시작하기 좋은 나이 ",장연이 지음,두드림미디어,818
입문자를 위한 맞춤형 AI 프로그램 만들기 ,다비드스튜디오 지음,길벗,004.73
제약바이오 처음공부 ,강수연 지음,이레미디어,327.856
"가족인 줄 알았는데, 사람이었어 ",지상 지음,문학수첩,813.8
비즈니스에 바로 통하는 캔바×디자인 ,박설연 지음,프리렉,005.565
함부로 칭찬하지 마라 ,김영훈 지음,21세기북스,598.1
(글로벌 역량 UP) 비즈니스 일본어 ,핫크리스탈 지음,PUB.365(삼육오),737.5
하늘과 바다 사이 돛을 올리고 ,김영애 지음,호밀밭,816.7
조연 여배우 ,등구운 지음;이기선 옮김,글항아리,823.6
노션 ,전시진 지음,제이펍,005.58
오아시스 모먼트 ,한유리 지음,너를위한,186.5
리얼 홋카이도 ,"이무늬,이근평 [공]지음",한빛라이프,981.3102
꼬리에 꼬리를 무는 수학 이야기 ,박구연 지음,Gbrain(지브레인),410
기대하는 결과물이 무엇인가 ,류랑도 지음,페가수스,325.211
코틀린 아카데미 :이펙티브 코틀린,"마르친 모스카와 지음;강진혁 ,김보경 [공]옮김",인사이트,005.133
그래도 되는 차별은 없다 :인권 최전선의 변론 ,공익인권법재단 공감 지음,창비,342.1
경제학 패러독스 ,최성락 지음,페이퍼로드,322
내 손 위의 코딩 ,고코더(이진현) 지음,원앤원북스,005.1
어른의 관계에는 마침표가 없다 ,김재식 지음,위즈덤하우스,818
살면서 꼭 한 번은 자유론 ,존 스튜어트 밀 저;최윤아 역,다른상상,164.42
중학교에서 시작하는 미래 준비 ,구교정 지음,한국학술정보,372.68
생각대로 살지 않으면 사는 대로 생각하게 된다 :제로편 ,은지성 지음,달먹는토끼,199.1
나의 특별한 형제 ,장한샘 지음,타래,818
아보카도 ,김혜영 지음,그늘,813.7
밀실 황금시대의 살인:눈의 저택과 여섯 개의 트릭 ,가모사키 단로 지음;김예진 옮김,리드비,833.6
(영화라는 만화경을 통해) 라캉을 읽다 ,손성우 저,시간의물레,185.5
죽음의 부정 ,어니스트 베커 지음;노승영 옮김,복복서가,126.5
설익은 낭만의 세 조각 ,"유대협,이채윤 ,김서연 [공]지음",일단,814.7
(만화로 보는) 1분 철학 관계수업 ,서정욱 지음,중앙북스,189.2
"아이, 따듯해! ",김들 글;정원재 그림,노란돼지,808.9
누가 먼저 목욕탕 ,배은영 지음;이수현 그림,제제의숲,813.8
바람이 좋아요 ,최내경 글;이윤희 그림,북뱅크,813.8
애거서 크리스티 전집 ,애거서 크리스티 지음;김지현 옮김,황금가지,843
애거서 크리스티 전집 ,애거서 크리스티 지음;김우열 옮김,황금가지,843
애거서 크리스티 전집 ,애거서 크리스티 지음;김양희 옮김,황금가지,843
애거서 크리스티 전집 ,애거서 크리스티 지음;원은주 옮김,황금가지,843
애거서 크리스티 전집 ,애거서 크리스티 지음;이수경 옮김,황금가지,843
애거서 크리스티 전집 ,애거서 크리스티 지음;서남희 옮김,황금가지,843
애거서 크리스티 전집 ,애거서 크리스티 지음;왕수민 옮김,황금가지,843
애거서 크리스티 전집 ,애거서 크리스티 지음;허형은 옮김,황금가지,843
애거서 크리스티 전집 ,애거서 크리스티 지음;김소연 옮김,황금가지,843
애거서 크리스티 전집 ,애거서 크리스티 지음;나중길 옮김,황금가지,843
애거서 크리스티 전집 ,애거서 크리스티 지음;원은주 옮김,황금가지,843
애거서 크리스티 전집 ,애거서 크리스티 지음;김윤정 옮김,황금가지,843
애거서 크리스티 전집 ,애거서 크리스티 지음;박산호 옮김,황금가지,843
애거서 크리스티 전집 ,애거서 크리스티 지음;이은선 옮김,황금가지,843
애거서 크리스티 전집 ,애거서 크리스티 지음;왕수민 옮김,황금가지,843
애거서 크리스티 전집 ,애거서 크리스티 지음;박슬라 옮김,황금가지,843
애거서 크리스티 전집 ,애거서 크리스티 지음;이수경 옮김,황금가지,843
애거서 크리스티 전집 ,애거서 크리스티 지음;원은주 옮김,황금가지,843
애거서 크리스티 전집 ,애거서 크리스티 지음;유혜경 옮김,황금가지,843
애거서 크리스티 전집 ,애거서 크리스티 지음;한은경 옮김,황금가지,843
나의 첫 세계사 타이완 공부 ,쉬 야오윈 글;쥬쯔 그림 ;신주리 옮김,너머학교,909
어쩌다 배구 ,양자현 지음,천개의바람,808.91
한 컷 쏙 경제사 ,윤상석 글;박정섭 그림,풀빛,320
여우의 전화 박스 ,도다 가즈요 글;다카스 가즈미 그림 ;햇살과나무꾼 옮김,크레용하우스,833.8
간니닌니 마법의 도서관 ,지유리 글;이경희 그림,아울북,813.8
이웃집 프로파일러 하이다의 사건 파일 ,선자은 글;이태영 그림,북이십일 을파소,813.8
목탄 :나무의 영혼을 담다 ,조이 콩스탕 지음,논장,808.9
나는 나대로 살 거야 ,박혜숙 글;안혜란 그림,내일을 여는 책,813.8
단단한 미래 ,천둥 글;결 그림,내일을여는책,813.8
장풍쌤의 과학 풍딱지 ,강주현 글;양선모 그림,메가스터디북스,408
장풍쌤의 과학 풍딱지 ,강주현 글;양선모 그림,메가스터디북스,408
달콤한 곰 님의 교실에서는 ,정유경 시;경혜원 그림,천개의바람,811.8
사회복지정책론 ,강종수 지음,신정,338.15
(쉽게 배우는) 사회복지행정론 ,"김나리,박재영 ,임종린 공저",어가,338.15
사회복지실천기술론 ,홍봉수 [외]저,공동체,338
사회복지정책론 ,이평화 [외]지음,동문사,338.15
사회복지조사론 ,홍봉수 [외]저,공동체,338
사회복지법제와 실천 ,홍봉수 [외]지음,공동체,368.13
사회복지 법제와 실천 ,서동명 지음,신정,368.13
정신건강사회복지론 ,유수현 [외]공저,신정,338.3
어린이와 더불어 사는 이야기집을 짓다 ,황선미 지음,문학과지성사,802.068
무진기행 :김승옥 소설집 ,김승옥 지음,민음사,808
무정 ,이광수 지음;정영훈 책임 편집,민음사,808
위대한 개츠비 ,F. 스콧 피츠제럴드 지음;김욱동 옮김,민음사,808
인간실격 ,다자이 오사무 지음;김춘미 옮김,민음사,808
상속자들 ,윌리엄 골딩 지음;안지현 옮김,민음사,808
모옌 중단편선 ,"모옌 지음;심규호 ,유소영 [공]옮김",민음사,808
달과 6펜스 ,서머싯 몸 지음;송무 옮김,민음사,808
"이반 데니소비치, 수용소의 하루 ",알렉산드르 솔제니친 지음;이영의 옮김,민음사,808
불멸 ,밀란 쿤데라 지음;김병욱 옮김,민음사,808
고도를 기다리며 ,사뮈엘 베케트 지음;오증자 옮김,민음사,808
포스트맨은 벨을 두 번 울린다 ,제임스 M. 케인 지음;이만식 옮김,민음사,808
조선 우체부 ,"이윤희,박안나 [공]글 ;한재홍 그림",써네스트,813.8
베토벤 ,고시미즈 리에코 글;욘 그림 ;이미향 번역,은하수미디어,990.8
반 고흐 ,야마모토 마사미 글;오즈노 유미 그림 ;김태길 번역,은하수미디어,990.8
어린이를 위한 디지털 교과서 ,로맹 갈리소 글;파스칼 르메트르 그림 ;이세진 옮김,라임,004
북극곰의 전설 ,이현영 글·그림,노란돼지,813.8
스쿨뉴스를 믿지 마세요 ,김찬경 글;김은준 그림,포에버영,813.8
못 말리는 녀석 둘 ,"맥 바넷,조리 존 [공]글 ;케빈 코넬 그림 ;김원섭 옮김",우리동네책공장,843.6
단추 마녀의 수상한 식당 ,정란희 글;한호진 그림,키다리,808.91
우정 챌린지 ,박상기 글;불곰 그림,소원나무,808.9
귀하신 몸 :근골격계 ,EBS 〈귀하신 몸〉 제작진 지음,알에이치코리아(RHK),513.7
나태한 완벽주의자 ,피터 홀린스 지음;공민희 옮김,넥서스BIZ,189
결국 문제를 뚫고 성장하는 사람 ,서현직 지음,김영사,325.211
계엄君 계엄群 ,김태훈 지음,더퍼플미디어,340.911
별다방 바리스타 ,송유정 지음,자음과모음,813.7
사춘기 자녀 부모 파이팅 ,이병준 지음,피톤치드,598.125
간호사 우즈키에게 보이는 것 ,아키야 린코 지음;김지연 옮김,문예춘추사,833.6
작은 것들에 입술을 달아주고 ,이근화 지음,창비,814.7
복제약 공화국 ,최원석 지음,공존,518
오직 소원만으로 ,김서영 지음,세창출판사(세창미디어),185.5
하얗지 않은데 왜 백인인가? ,박중현 지음,드루,342.3
최소한의 정치공부 ,추동훈 지음,매일경제신문사,340.1
11시 14분 ,박세미 지음,난다,810.81
(여행의 즐거움) 일본 명물 간식 백과 :과자·디저트 편 ,「여행과 철도」편집부 지음;김나랑 옮김,삼호북스,594.019
(매일 만들어 먹고 싶은) 핫플 카페의 인기 샌드위치 ,지선아 지음,리스컴,594.5544
급여관리 퇴직연금 연차휴가 4대 보험 ,손원준 지음,지식만들기,325.35
(300년 세계경제사의) 위대한 경제이론들 ,김민구 지음,사람in,320.01
"하늘을 봐, 바람이 불고 있어 ",고윤 지음;서진 엮음,스노우폭스북스,818
K-드라마 윤석열 ,심규진 지음,투나미스,340.911
IB 탐구 수업과 질문하는 문해력 ,독서생활연구소 지음,초록비책공방,375.2
된다! 하루 5분 아이패드 기록 생활 ,희나(이효선) 지음,이지스퍼블리싱,004.16
RAG 마스터 ,브라이스 유 [외]지음,프리렉,004.73
"축구, 받고 전진하는 절대 기술 ",가자마 야히로 지음;이지호 옮김,한즈미디어(한스미디어),695.4
(실전) ComfyUI ,우희철 지음,아이생각(디지털북스),004.76
위건 부두로 가는 길 ,조지 오웰 지음;이한중 옮김,한겨레출판,848
자기다움 리더십 ,"박정열,박선웅 [공]지음",흐름출판,325.24
리더십 학습노트 66계명 ,김영수 지음,창해,331.17
무엇을 드러내고 무엇을 감출까 ,하시시박 지음,마음산책,818
우리 아이가 진짜로 생각하고 있는 것 ,소아정신과의 사와 지음;김효진 옮김,한즈미디어(한스미디어),598.1
우리 아이는 미국 온라인 스쿨에서 공부합니다 ,김지영 지음,서사원,372.941
"세상을 보는 눈, 융합 지성사 ",송만호 [공]지음,바다출판사,909
부서지며 간다 ,소진기 지음,산지니,818
하멜표류기 ,헨드릭 하멜 지음;문지희 번역·해설,arte(아르테),911.056
제주 오름 여행 ,"문신희,문신기 [공]지음",디스커버리미디어,981.19902
평범한 날들을 특별하게 만드는 글쓰기 ,김미애 [외]지음,미다스북스,818
데이터지능 ,이긍희 지음,드레북스,331.544
버슨분홍 ,문예진 지음,비(도서출판b),811.7
압수수색 ,"김용진,한상진 ,봉지욱 [공]지음",뉴스타파,340.911
죽기 전엔 가보고 싶어 ,진민성 지음,미다스북스,816.7
완벽한 부모가 아니어도 충분해요 ,이명노 [외] 공저,프로방스,598.1
배드 엔딩이 어때서? ,전철희 지음,문학마을,809
향기의 언어 ,장윤정 지음,하움출판사,593.2
부모와 함께 소통으로 성장하는 학습 전략 ,"조효완,신동원,김혜남 [공] 지음",지상사,373.4
진공 붕괴 ,해도연 지음,한겨레출판,813.7
필로소포스의 책 읽기 ,고명섭 지음,교양인,104
(블루리본서베이) 전국의 맛집 ,블루리본 서베이 지음,BR미디어,594.019
리얼 후쿠오카 :유후인 벳푸 ,원경혜 지음,한빛라이프,981.3402
어느 겨울 다섯 번의 화요일 ,릴리 킹 지음;박경희 옮김,문학동네,843.6
알트코인 투자 ,"조동현,언디파인드랩스 [공]지음",옐로우바스켓,327.2
기상병(氣象病) 안내서 ,쿠데켄 츠카사 지음;정나래 옮김,성안당,513.95
이덕일의 킹메이커 ,이덕일 지음,삼인,350.214
다르게 걷기 ,박산호 지음,오늘산책,818
바라바 ,페르 라게르크비스트 지음;한영환 옮김,문예출판사,859.7
소설 쓰는 로봇 ,노대원 지음,문학과지성사,802.6
대전 건축 여행 ,김예슬 지음,파이퍼프레스,540.04
실패를 성공으로 바꾸는 주식투자의 기술 ,부자아빠 정재호 지음,프런트페이지,327.856
클래식 좀 들어라 ,"망둥어,해달 [공]지음",더스퀘어,670.15
"(고정욱 선생님이 들려주는) 똑똑한 말, 당당한 말 ",고정욱 글;김정은 그림,우리학교,199.8
문힐스 마법 보석점 ,안비루 야스코 글·그림;이소담 옮김,한빛에듀,833.8
어린이는 멀리 간다 ,김지은 지음,창비,818
쿵! 안개초등학교 ,보린 지음;센개 그림,창비,813.8
천재 의사 시건방 ,강효미 글;유영근 그림,머스트비,813.7
읽으면 초능력 ,이병안 글;로따뚜이 그림,애니온,813.8
워런 버핏 웨이 ,로버트 해그스트롬 지음;신용우 옮김,상상스퀘어,327.8
토마토로 만들어 줘 ,조예은 지음,창비,813.7082
죽은 다음 ,희정 지음,한겨레출판,384.6
"괴물, 용혜 ",김진영 지음,안전가옥,813.7
소주 韓 잔 사케 日 잔 ,이창현(재미사마) 지음,Re:commend(리코멘드),573.49
나는 당신이 달러 투자를 시작했으면 좋겠습니다 ,황호봉 지음,원앤원북스,327.94
나는 브랜딩을 호텔에서 배웠다 ,정재형 지음,21세기북스(북이십일 21세기북스),325.571
오역하는 말들 ,황석희 지음,북다,818
일단 떠나는 수밖에 ,김남희 지음,수오서재,814.7
불확실성에 맞서는 기술 ,데이비드 스피겔할터 지음;양병찬 그림,생각의힘,413.1
맹자 인생수업 ,맹자 지음;김지민 옮김,하이스트,148.4
AI를 활용한 숏폼영상 제작가이드 ,장세인 글,위메이크북,005.567
사이렌스 콜 ,크리스 헤이즈 지음;박유현 옮김,사회평론,322.01
오픈 엑시트 ,이철승 지음,문학과지성사,332.6
환등기 ,잉바르 베리만 지음;신견식 옮김,민음사,688.099
절교 직전의 마지막 대화 ,"신이인,유이우 [공]지음",소소사,818
디지털 교육 트렌드 리포트 2025 ,박기현 [외] 지음,테크빌교육,370.4
코끼리와 피아노 ,박영주 지음,Attibom(더아띠봄),813.8
다다미 넉 장 반 타임머신 블루스 ,"모리미 도미히코 지음;우에다 마코토 원안 ,권영주 옮김",김영사,833.6
다다미 넉 장 반 신화대계 ,모리미 도미히코 지음;권영주 옮김,김영사,833.6
나는 20대에 연봉 1억을 받는다 ,정이레 지음,다온북스,325.211
바다 끝 카페에 무지개가 뜨면 ,모리사와 아키오 지음;이수미 옮김,모모,833.6
"질병청 관리국, 도난당한 시간들 ",이지유 지음,네오픽션,813.7
난세의 영웅 김문수 ,"김문수,김용복 [공]지음",행복에너지,340.99
세네카의 오늘 수업 ,다리우스 포루 지음;김지연 옮김,미래의창,160.256
작가노동 선언 ,작가노조 준비위원회 지음,오월의봄,321.57
"(KBS 스페셜) 종자, 세계를 지배하다 ","KBS 스페셜 종자, 세계를 지배하다 제작팀 지음;정현덕 기획 ;장경호 엮음",시대의창,523.22
나는 왜 따뜻한 대화가 힘들까 ,로베르트 버디 지음;김현정 옮김,비즈니스북스,802.54
사랑과 그것과 그리고 전부 ,스미노 요루 지음;이소담 옮김,㈜소미미디어,833.6
"0~3세 육아, 그림책에 답이 있습니다 ",이임숙 지음,카시오페아,598.48
부모의 말 수업 ,힐랄 비릿 지음;이은미 옮김,FIKA(피카),598.1
브랜드 없는 삶 ,고명한 지음,세이지(世利知),104
"아버지의 영향력, 빅파더 ",이민구 지음,대경북스,598.1
땡스 갓 포 비트코인 ,지미 송 외 7인 지음;김명훈 옮김,거인의정원,327.2
나의 첫 주기율표 공부 ,애비 히든 지음;김동규 옮김,시그마북스,431.14
내 mp3 속 영화음악 ,김원중 지음,꿈공장 플러스,674.8
무굴 제국의 역사 ,마이클 피셔 지음;최하늘 옮김,더숲,915
"듣는 마음, 말하는 기술 ","김효원,김은영 ,정두영 [공]지음",글항아리,802.56
이재명의 길 ,박시백 글·그림,비아북,340.99
"첫 여름, 완주 ",김금희 지음,무제,813.7
청춘의 독서 ,유시민 지음,웅진지식하우스,029.1
우리는 조금 더 다정해도 됩니다 ,김민섭 지음,어크로스(어크로스출판그룹),818
코끼리 씨의 다정한 책방 ,이시원 글·그림,파이디온키즈,813.8
수학도둑 수학동화 ,"동암 송도수,방유진 [공]글 ;서정 엔터테인먼트 그림",서울문화사,410
(흔한남매) 세계사 탐험대 ,흔한남매 원작;진서 글 ;팀키즈 그림,주니어김영사,909
이웃집 프로파일러 하이다의 사건 파일 ,선자은 글;이태영 그림,아울북,813.8
내 인생 최악의 일주일 ,이바 아모리스 글;맷 코스그로브 글·그림 ;김영진 옮김,비룡소,843.6
마이 가디언 ,이재문 글;무디 그림,이지북,813.8
비포 메리지 ,호산나 지음,두란노,234.9
(S/M/L/LL) Michiyo의 4사이즈 니팅 ,michiyo 지음;김한나 옮김,지금이책,592.27
권학봉의 포토샵 ＆ 라이트룸 클래식 사진보정 강의 ,권학봉 지음,첨단,005.565
적절한 좌절 ,"김경일,류한욱 [공]지음",저녁달,183.2
"다 좋아질 거야, 행복이 쏟아질 만큼 ",길연우 지음,북로망스,818
센스의 철학 ,지바 마사야 지음;전경아 옮김,베가북스,600.1
공부 잘하는 아이는 읽기머리가 다릅니다: ,오현선 지음,온더페이지,029.8
죽음과 크림빵 ,우신영 지음,자음과모음,813.7
부서지는 아이들 ,애비게일 슈라이어 지음;이수경 옮김,웅진지식하우스,183.2
호호당 산냥이 ,"박보영 동화,김민우 그림",창비,813.8
(과학 영재 기초잡는) 초등일타과학 ,이광렬 지음,코리아닷컴(Korea.com),404
트럼프 패닉 ,유신익 지음,거인의정원,321.97
나의 돈키호테를 찾아서 ,김호연 지음,푸른숲,818
고민 숏컷의 기술 ,니시와키 슌지 지음;박재영 옮김,더퀘스트,182.12
내 마음을 위한 뇌과학 ,쿼카쌤 지음,노르웨이숲,511.1813
바움가트너 ,폴 오스터 지음;정영목 옮김,열린책들,843
야만의 해변에서 ,캐럴라인 도즈 페넉 지음;김희순 옮김,까치,950
의사란 무엇인가 ,양성관 지음,히포크라테스,510.4
절대 진공 ＆ 상상된 위대함 ,스타니스와프 렘 지음;정보라 옮김,현대문학,892.95
유망학과 100 :인문계용 ,길벗교육연구회 지음,길벗,372.68
오사카 홀리데이 ,인페인터글로벌 지음,꿈의지도,981.32802
인생 녹음 중 ,인생 녹음 중 부부 지음,김영사,818
스파클 ,최현진 지음,창비,813.7
어린이 야구 캠프 ,김동훈 글;최일룡 그림,,695.7
무한의 계단 세계여행 Go ,김강현 글;김기수 그림,서울문화사,980.24
무한의 계단 세계여행 GO ,"김강현 글;김기수 ,황정호 [공]그림",서울문화사,980.24
달의 맛 ,미하엘 그레이니에츠 글·그림;용희진 그림,"미래아이(미래M&B,미래엠앤비)",808.9
문을 쾅 닫으면 ,이수안 글;벼레 그림,웅진주니어,813.8
엄마소리 ,이순옥 글·그림,길벗어린이,813.8
여행의 시간,소연정 쓰고 그림,키다리,813.8
시간이 지나면 ,마리나 루이스 글·그림;공경희 옮김,FIKAJUNIOR(피카주니어),843.6
까치 복덕방 ,국지승 지음,창비,813.8
우리는 독도 경비대 ,노형진 글;김옥재 그림,디엔비스토리,813.8
도전! 저탄소 요리 대결 ,최재희 글;시미씨 그림,휴먼어린이,980
외계 고양이 클로드 ,조니 마르시아노;에밀리 체노웨스 [공]글 ;롭 모마르츠 그림 ;장혜란 옮김,북스그라운드,843.6
(경고! 절대 열면 안 되는 공포의 노트) 몬스터 도감 ,트로이 커밍스 글·그림;김영선 옮김,사파리,843.6
버찌의 선택 ,이정란 지음;지문 그림,창비,813.8
탁주＆쪼꼬 탈출 게임 ,탁주쪼꼬 원작;한바리 글 ;김기수 그림,대원키즈,657.1
(혼자서도 척척! 초등학생을 위한) 캔바(Canva) 무작정 따라하기 ,"박재찬,김은별 ,심원지 [공]지음",길벗,005.565
전사들 :종족의 탄생 ,에린 헌터 글;서현정 옮김,가람어린이,843.6
퀘벡에서 보물찾기 ,포도알친구 글;강경효 그림,미래엔아이세움,980.24
장호 ,탁동철 글씀;나오미양 그림,양철북,813.8
채사장의 지대넓얕 ,"채사장,마케마케 [공]글 ;정용환 그림",돌핀북,001.3
"(땅이 바싹, 목이 바짝!) 사막과 물 ",신방실 글;권도언 그림,아르볼,452.15
불편한 점심시간 ,렉스 오글 글;정영임 옮김,다봄,843.6
헌책방의 비밀 ,김우정 글;리페 그림,키큰도토리(어진교육),813.8
할아버지 손은 약손 ,한수연 지음;이유진 그림,문예춘추사,911.1
"이사도라 문, 눈꽃 축제에 반하다 ",해리엇 먼캐스터 지음;심연희 옮김,을파소,843.6
이웃집 공룡 렉스 ,엘리스 돌런 지음;고정아 옮김,아울북,843.6
이웃집 공룡 렉스 ,엘리스 돌런 지음;고정아 옮김,아울북,843.6
벌거벗은 한국사 ,이선영 글;이효실 그림,아울북,911
세상을 집어삼킨 개 ,잔드라 디크만 글·그림;김여진 옮김,찰리북,843.6
N극과 S극이 있대! ,윤병무 글;이철형 그림,국수,408
아무거나 문방구 ,"정은정 동화,유시연 그림",창비,813.8
팥빙수 눈사람 펑펑 ,나은 글;보람 그림,창비,813.8
읽으면 초능력 ,이병안 글;로따뚜이 그림,애니온,813.8
팜 :인체 편 ,홍지연 글;정원재 그림,길벗,511.1
팜 :수학편,홍지연 글;지문 그림,길벗스쿨,410
팜 :수학편,홍지연 글;지문 그림,길벗,410
(방울이TV) 설레고 ,방울이TV 원작;박세림 글 ;김래현 구람,학산문화사(단행본),657.1
작은 탐험 ,꼼은영 지음,산책길,813.8
(흔한남매) 흔한 게임 ,흔한남매 원작;권나혜 글 ;도니패밀리 그림,미래엔아이세움,691
유령 유실물 보관소 ,고정욱 글;이경석 그림,크레용하우스,813.8
원더 보이가 된 에그 보이 ,레이 슈 지음;신수경 옮김,뭉치,657.1
배드 가이즈 ,애런 블레이비 지음;신수진 옮김,비룡소,843.6
(새콤달콤) 열 단어 과학 캔디 ,양화당 글;미늉킴 그림,웅진주니어,408
열세 살 외과 의사 도우리 ,임은하 글;하루치 그림,아울북,813.8
"꼼지락 1학년, 좋은 친구가 될 거야! ",김원아 글;간장 그림,사계절,375.2
책 덮고 공부하기 ,정철 지음,생각의창,373.4
벌거벗은 임금님의 체온은 36.5도야 ,윤초록 글;이형진 그림,풀빛,408
"요정 개, 올빼미 머리 그리고 나 ",M.T. 앤더슨 지음;준이 우 그림 ;송섬별 옮김,책읽는곰,808
"소곤소곤, 자연이 들려주는 이야기 ",알테아 빌라 글;프란체스카 수다노 그림 ;조정훈 옮김,아롬주니어,491
왜 나라마다 시간이 다를까? ,최재희 글;임광희 그림,휴먼어린이,980
3·1운동과 독립투사들의 특별한 이야기 ,노루궁뎅이 창작교실 지음;청마루 그림,노루궁뎅이,991.1
바다는 변신 중이야 ,최재희 글;박지윤 그림,휴먼어린이,980
카이로스의 시간 상점 ,김용세 글;이영환 그림,잇츠북어린이,813.8
꽁냥꽁냥 그림과학 ,"후먀오펀 글;주지아위 ,훌라왕 [같이]그림 ;정세경 옮김",와이즈만 Books,404
숲속 가든 ,한윤섭 글;김동성 그림,푸른숲주니어,813.8
열두 띠 생일 이야기 ,차은정 글·그림,나무의말,813.8
어린이를 위한 철학자의 말 ,김종원 지음,윌마,104
재채기 대장 루루 ,백혜진 글;이수현 그림,주니어김영사,813.8
말랑콩떡 히어로 ,이승민 글;박우희 그림,한빛에듀,813.8
렛츠 기릿 나나나나는 래퍼! ,윤미숙 지음;박종호 그림,모해출판사,813.8
곽재식의 한국사 괴물 수사대 ,"곽재식,박시연 [공]글 ;홍거북 그림",주니어김영사,911
510원의 때굴때굴 동물원 탐험 ,김진형 글;박재현 그림,반달서재,813.8
그림 가족 ,"이연숙 글;정인성 ,천복주 [같이]그림",모해출판사,813.8
용기 모자 ,리사 데이크스트라 글;마크 얀센 그림 ;천미나 옮김,책과콩나무,808.9
(백앤아) 고 고 캐치 고 바니몽 ,백앤아 원작;최재연 글 ;구은미 그림,샌드박스스토리 키즈,657.1
낭만 복숭아 ,오주영 지음;경혜원 그림,사계절,082
도미노를 입은 소년 ,남상순 글,풀과바람,813.7
"아빠, 건축이 뭐예요? ",차태권 글;이봉섭 구성·그림,이숲,540.04
(청소년을 위한) 기후변화 에세이 ,남성현 지음,해냄(해냄출판사),453.9
벌새 ,엘리자 수아 뒤사팽 글;엘렌 베클랭 그림 ;문현임 옮김,북극곰,657.1
(10대를 위한) 교과서 문해력 ,정형권 지음,성림북스,373.4
두 얼굴의 원소라고? ,강상욱 글;이크종 그림,나무를 심는 사람들,408
"미래를 향한 도전, 스타트업 ",임성준 지음,동아엠앤비,325.21
"안녕, 나를 마중하러 왔어 ",박사랑 지음,자음과모음,813.7
달력으로 의학하기 ,김은중 지음,생각학교,510
캠핑카 사이언스 ,장치은 글;조승연 그림,북멘토(도서출판),408
캠핑카 사이언스 ,최부순 글;조승연 그림,북멘토,408
매일의 영감 수집 ,서은아 지음,위즈덤하우스,325.211
(물리박사 김상욱의) 수상한 연구실 ,김하연 글;정순규 그림,아울북,420
핵심경험론 ,전우성 지음,더퀘스트,325.5
신약 수업 ,김호경 지음,뜰힘,233.5
고양이와 나 ,이종산 지음,래빗홀,813.7
블랙홀 ,"브라이언 콕스,제프 포셔 [공]지음 ;박병철 옮김",알에이치코리아(RHK),443.8875
화가들의 꽃 ,"앵거스 하일랜드,켄드라 윌슨 [공]지음 ;안진이 옮김",푸른숲,650.4
백 번 산 고양이 백꼬선생 ,정연철 지음;오승민 그림,우리학교,813.8
친애하는 개자식에게 ,비르지니 데팡트 지음;김미정 옮김,비채,863
어느 날 문이 사라졌다 ,김은영 글;메 그림,문학동네,808.9
"한 달 뒤, 지구는 멸망합니다 ",이레 글;김수영 그림,미래엔아이세움,813.8
이별은 모차르트 ,나카야마 시치리 지음;문지원 옮김,블루홀식스(블루홀6),833.6
(한 권으로 끝내는) 입시 전략 ,권오현 지음,21세기북스,377.37
나의 작은 무법자 ,크리스 휘타커 지음;김해온 옮김,위즈덤하우스,843.6
또다시 살리고 싶어서 ,허윤정 지음,Sigongsa,510.4
고독의 이야기들 ,발터 벤야민 지음;파울 클레 그림 ;김정아 옮김,엘리,858
연예계 비공식입장 ,이하은 지음,써니사이드웨스트,689
끄부기의 1024가지 학교 가는 길 ,김지영 글·그림,웅진주니어,813.8
데스런 기능성 운동 BASIC ,윤현용 지음,더디퍼런스,593.5
서울 엄마들 ,조지은 지음,달고나(DALGONA),813.7
배당성장주 투자 불변의 법칙 ,현영준 지음,체인지업,327.856
드라이브 ,정해연 지음,&(앤드),813.7
"어느 날, 귀신이 되었다 ",곽규태 글;유영근 그림,아르볼,813.8
다시 성장이다 ,오세훈 지음,김영사,340.4
(천근아의) 느린 아이 부모 수업 ,천근아 지음,웅진지식하우스,598.1
자유 :치유할 수 없는 질병 ,슬라보예 지젝 지음;노윤기 옮김,현암사,169.929941
전지적 어린이 시점 ,임소정 지음,유노라이프,818
트루 비즈 ,사라 노빅 지음;김은지 옮김,위즈덤하우스,843.6
무조건 나부터 생각할 것 ,후지노 토모야 지음;곽현아 옮김,비즈니스북스,189.2
대치동 수학 고민 상담소 ,김현정 지음,브리드북스,410.7
수학 개념 사전 ,사와 고지 지음;히로사키 료타로 그림 ;송경원 옮김,동양북스(동양문고),410
너구리 라면 가게 ,최설희 글;김덕영 그림,다산어린이,813.8
우리 가족에서 찾은 노동 인권 이야기 ,오은숙 글;이국현 그림,리틀씨앤톡,321.5
(띠웅＇s) 타이포그래피 with 프로크리에이트 ,띠웅 지음,다산스마트에듀,658
챗대리의 따라하면 바로 되는 AI 마케팅 자동화 ,챗대리(박진주) 지음,로드북,325.5
나는 숲속 도서관의 사서입니다 ,아오키 미아코 지음;이지수 옮김,어크로스,838
(김재우의) 기초 영어회화 100 ,김재우 지음,상상스퀘어,747.5
시대예보 :호명사회 ,송길영 지음,교보문고,331.544
모둠활동 딱 싫어 ,박그루 지음;최선영 그림,니케북스,126.3
밤골 와이파이 쟁탈전 ,장희주 글;지은 그림,반달서재,813.8
행운 상자를 개봉하시겠습니까?,성주희 글;심윤정 그림,밝은미래,813.8
도서관 고양이 ,최지혜 글;김소라 그림,한울림,813.8
상처사진기 ＇나혼네컷＇ ,박현아 글;김승혜 그림,내일을여는책,813.8
단짝 구함 ,설찌 지음,소원나무,813.8
"더 퍼지, AI 시대 누가 미래를 이끄는가 ",한지우 지음,미디어숲,004.73
21세기를 살아가는 현대인을 위한 철학 ,토마스 아키나리 지음;장하나 옮김,파인북,100
인간적 AI를 위하여 ,브라이언 크리스천 지음;이한음 옮김,시공사,104
어제보다 멍청해지기 전에 ,필립 길버트 해머튼 지음;박정민 옮김,필로틱,199.1
What happened to you? ,"by James Catchpole,illustrated by Karen George","Little, Brown Books for Young Readers",843.6
AI 2025 트렌드＆활용백과 ,김덕진 지음,스마트북스,331.5412
생각의 도약 ,도야마 시게히코 지음;전경아 옮김,페이지2(page2),325.211
환생학교 요괴반 ,웃소 원작;윤종문 글 ;파키나미 그림,미래엔아이세움,657.1
변호사 어벤저스 ,고희정 글;최미란 그림,가나출판사,360
똥볶이 할멈의 힘 주는 말 ,강효미 글;김무연 그림,슈크림북,813.8
"창가의 토토, 그 후 이야기 ",구로야나기 테츠코 지음;이와사키 치히로 그림 ;권남희 옮김,김영사,833.6
기억을 되살리는 남자 ,데이비드 발다치 지음;김지선 옮김,북로드,843.6
한 권으로 읽는 인상파 ,야마다 고로 지음;허영은 옮김,한즈미디어(한스미디어),653.2045
(학교 옆) 만능빌딩 ,이현지 글;김민우 그림,비룡소,029
내가 할배냥 ,홍민정 글;하민석 그림,주니어김영사,813.8
이상한 집 ,우케쓰 지음;김은모 옮김,리드비,833.6
최재천의 희망 수업 ,최재천 지음,샘터사,199.1
(정신과 의사가 들려주는) 불교 사용 설명서 ,전현수 지음,불광출판사,224.8
뇌를 이기는 습관 ,"코널 코완,데이비드 키퍼 [같이]지음 ;김두완 옮김",김영사,511.1813
냉전 ,오드 아르네 베스타 지음;유강은 옮김,서해문집,909
처음으로 ,시마모토 리오 [외]지음;김은모 옮김,RHK(알에이치코리아),833.6
희망 :프란치스코 교황 자서전 ,"프란치스코 교황,카를로 무쏘 [공]지음 ;이재협 외 3인 옮김",가톨릭출판사,238.2099
기계는 왜 학습하는가 ,아닐 아난타스와미 지음;노승영 옮김,까치,410
특권계급론 ,"클라이브 해밀턴,마이라 해밀턴 [같이]지음 ;유강은 옮김",오월의봄,332.6
고전에서 찾은 말의 내공 ,린이 지음;송은진 옮김,비즈니스북스,802.56
(설민석의) 한국사 대모험 ,"설민석,남이담 [같이]지음 ;정현희 그림",단꿈아이,911
(설민석의) 한국사 대모험 ,"설민석,남이담 [공]글 ;정현희 그림",단꿈아이,911
(빨간내복야코) 안 읽으면 완전 위험한 과학책 ,빨간내복야코 원작;박종은 글 ;이영아 그림,위즈덤하우스,404
흔한남매 과학 탐험대 ,"흔한남매 원작;김언정 ,송은경 [공]글 ;김덕영 그림",주니어김영사,408
연루됨 :인류학자의 세상 읽기 ,조문영 지음,글항아리,331
스페인 별빛 아래 꼴라주 살롱 ,홍종희 지음,행복우물,816.7
좋은 사람 도감 ,"묘엔 스구루,사사키 히나 ,마나코 지에미 [공]지음 ;이지수 옮김",서교책방,838
잘 키우고 싶어서 아이와 여행하는 중입니다 ,정미연 지음,슬로비,598.104
꾸준함의 기술 ,이노우에 신파치 지음;지소연 옮김,알에이치코리아(RHK),199.1
도넛을 나누는 기분 ,김소형 [외]지음,창비교육,811.7
아니다 거기 있었다 ,김성연 지음,지식과감성#,911.06
그때 뽑은 흰머리 지금 아쉬워 ,"공익사단법인 전국유료실버타운협회,포푸라샤 편집부 [공]지음 ;이지수 옮김",포레스트북스,831.6
"야, 너도 공부에 한번 미쳐 봐 ",서준석 지음,토네이도,373.4
티핑 포인트의 설계자들 ,말콤 글래드웰 지음;김태훈 옮김,비즈니스북스,331.541
생각정리독서법 ,복주환 지음,천그루숲,029.4
그리고 마녀는 숲으로 갔다 ,산호 지음,고블,657.1
그리고 마녀는 숲으로 갔다 ,산호 지음,들녘,657.1
마천대루 ,천쉐 지음;허유영 옮김,인플루엔셜(주),823.7
유니클로 ,스기모토 다카시 지음;박세미 옮김,한즈미디어(한스미디어),325.1
성장지향성 ,존 마일스 지음;임지연 옮김,오픈도어북스,325.211
페인트 ,이희영 지음,창비,813.7
[읽기쉬운책] 청소년을 위한 개념 있는 식생활 ,"배혜림,이윤정 지음 ;김집순 그림",국립장애인도서관,594
"[읽기쉬운책] 집, 잘 가꾸는 법 ","최미란 글,그림",국립장애인도서관,591
[읽기쉬운책] 이상한 몸 박물관 ,레이철 폴리퀸 글;클레이턴 핸머 그림 ;조은영 옮김,국립장애인도서관,511.1
[읽기쉬운책] 우리 가족의 보물을 찾아라! ,박은아 글;김잔디 그림,국립장애인도서관,332.2
[읽기쉬운책] 역사로 보는 음식의 세계 ,이은정 글;강영지 그림,국립장애인도서관,594
[읽기쉬운책] 역병이 돈다 조선을 구하라! ,한기명 글;순미 그림,국립장애인도서관,911.05
[읽기쉬운책] 루루야 내 동생이 되어 줄래? ,김경희 글;김선진 그림,국립장애인도서관,527.41
[읽기쉬운책] 취미는 식물 ,권지연 지음;최재원 사진,국립장애인도서관,525.765
[읽기쉬운책] (누구나 꼭 알아야 할) 민주주의와 선거 ,천윤정 지음;박선하 그림,국립장애인도서관,344
"[읽기쉬운책] 기후 위기 시대, 슬기로운 경제 수업 ",강수돌 지음;신단고 그림,국립장애인도서관,320
[읽기쉬운책] 귀여움을 뚫고 나온 친구들 :수의사가 바라본 동물 캐릭터의 세계 ,황정삼 지음,국립장애인도서관,491.508
[읽기쉬운책] 들숨에 긍정 날숨에 용기 ,지나영 지음;하꼬방 그림,국립장애인도서관,199.5
[읽기쉬운책]  (신라부터 조선까지)우리 문학을 이끈 11명의 작가들 :인물로 본 우리 문학의 역사  ,조운찬 지음,국립장애인도서관,810.9
"[읽기쉬운책] (전쟁 no! 평화 yes!) 세계를 이끄는 힘, 국제기구 ",김일옥 글;허구 그림,국립장애인도서관,361.4
[읽기쉬운책] 유튜브 하는 어린이 ,박지숙 글;정은선 그림,국립장애인도서관,813.8
"불통, 독단, 야망 ",스티브 테일러 지음;신예용 옮김,21세기북스,325.24
먼 산의 기억 ,오르한 파묵 지음;이난아 옮김,민음사,839.4
호랑이를 부탁해 ,설상록 지음;메 그림,비룡소,808.9
적당한 사람 ,이창섭 지음,21세기북스,818
시간 고양이 ,박미연 지음;이소연 그림,이지북,813.8
당신은 제게 그 질문을 한 2만 번째 사람입니다 ,오혜민 지음,날(도서출판),337.2
환율의 대전환 ,오건영 지음,포레스트북스,327.94
소스 코드 :더 비기닝 ,빌 게이츠 지음;안진환 옮김,열린책들,325.099
삼성전자 시그널 ,서영민 지음,한빛비즈,325.1
운명을 바꾸는 말하기 수업 ,이영선 지음,웅진지식하우스,802.5
2025-2027 앞으로 3년 미국 주식 트렌드 ,"최중혁,스파클링 투자클럽 [같이]지음",한즈미디어(한스미디어),327.856
더 많은 사람이 읽게 만드는 글쓰기 기술 ,미야자키 나오토 지음;김지혜 옮김,유엑스리뷰,802
(DK 꼭 알아야 할) 세계사 명장면 ,DK 『꼭 알아야 할 세계사 명장면』 편집 위원회 지음;서남희 옮김,비룡소,909
쇼펜하우어가 묻고 니체가 답하다 ,크리스토퍼 재너웨이 지음;이시은 옮김,21세기북스,165
꽁냥꽁냥 그림과학 ,"후먀오펀 글;주지아위 ,훌라왕 [같이]그림 ;정세경 옮김",와이즈만 Books,404
대한민국 건국은 혁명이었다 ,이인호 지음,세이지,911.07
브루잉 레시피 도감 ,김승백 지음,아이비라인,573.93
작가와 작품을 분리할 수 있는가? ,지젤 사피로 지음;원은영 옮김,이음,809
[큰글자책] 하얼빈 ,김훈 지음,,813.6
[큰글자책] 침팬지 폴리틱스 ,프란스 드 발 지음;장대익 ;황상익 옮김,,491.51
[큰글자책] 생에 감사해 ,김혜자 지음,,818
[큰글자책] 챗GPT ,반병현 지음,,331.5412
[큰글자책] 줬으면 그만이지 ,김주완 지음,,338.17099
[큰글자책] 스토너 ,존 윌리엄스 지음;김승욱 옮김,,843.5
[큰글자책] 불안 ,알랭 드 보통 지음;정영목 옮김,,332.6
[큰글자책] 문과 남자의 과학 공부 ,유시민 지음,,404
[큰글자책] 메리골드 마음 세탁소 ,윤정은 지음,,813.7
[큰글자책] 맨발걷기가 나를 살렸다 ,박동창 지음,,517.32
[큰글자책] 망원동 브라더스 ,김호연 지음,,813.6
[큰글자책] 비가 오면 열리는 상점 ,유영광 지음,,813.7
[큰글자도서] (건강과 다이어트를 동시에 잡는) 채소·과일식,조승우 글,,517.548
이상한 엄마 ,백희나 지음,스토리보울,813.8
[큰글자책] 도파민네이션 ,애나 렘키 지음;김두완 옮김,,513.93
[큰글자책] 느리게 나이 드는 습관 ,정희원 지음,,517.3
[큰글자책] 내가 가진 것을 세상이 원하게 하라 ,최인아 지음,,325.211
[큰글자책] 나는 어떻게 삶의 해답을 찾는가 ,고명환 지음,,029.4
[큰글자책] 나는 메트로폴리탄 미술관의 경비원입니다 ,"패트릭 브링리 지음;김희정,조현주 [공]옮김",,848
[큰글자책]뜨겁게 나를 응원한다 :하루 10분의 필사 100일 후의 기적 ,조성희 지음,,325.211
[큰글자책] 그들은 왜 최후의 승자가 되지 못했나 ,한순구 지음,,909
[큰글자책] 채소·과일식,조승우 글,,517.548
마음 지구력 ,윤홍균 지음,21세기북스(북이십일 21세기북스),189.1
[큰글자책] 오십에 읽는 장자 :복잡한 마음이 홀가분해지는 시간 ,김범준 지음,,152.226
[큰글자책] 영어책 한 권 외워봤니? ,김민식 지음,,740
[큰글자책] 시에나에서의 한 달 ,히샴 마타르 지음;신해경 옮김,,650.4
[큰글씨책] 장하준의 경제학 레시피,장하준 지음;김희정 옮김,,320
[큰글자책] 우리는 모두 죽는다는 것을 기억하라 ,웨인 다이어 지음;정지현 옮김,,199.1
장수탕 선녀님 ,백희나 지음,스토리보울,813.8
(네모아저씨의) 페이퍼 블레이드 :디럭스 ,네모아저씨 이원표 지음,슬로래빗,634.9
황현필의 진보를 위한 역사 ,황현필 지음,역바연,911.06
초등 수학 습관의 힘 ,정연우 지음,다락원,410.7
부오니시모! 나의 미뇨끼 레시피북 ,미뇨끼 지음,동양북스(동양문고),594.548
최소한의 한자 어휘 ,권승호 지음,대성 Korea.com,711.47
"우리, 나이 드는 존재 ",고금숙 [외]지음,휴머니스트,818
"스물하나, 서른아홉 ",김난도 [외]지음,미래의창,320.911
읽자마자 보이는 세계지리 사전 ,이찬희 지음,보누스,980
영원에 빚을 져서 ,예소연 지음,현대문학,813.7
10대를 위한 군주론 수업 ,김정진 지음,넥스트씨,340.265
왜 먼 것이 좋아 보이는가 ,윌리엄 해즐릿 지음;공진호 옮김,아티초크,844
"아무튼, 뉴욕 ",신현호 지음,제철소,818
잡스 ,매거진 B 편집부 지음,REFERENCE BY B,321.55
그림자를 말하는 사람 ,안규철 지음,현대문학,818
거인의 약속 ,존 아메이치 지음;이주영 옮김,상상스퀘어,325.24
1일 1씽킹 아이디어 수업 ,다카하시 신페이 지음;김경원 옮김,윌북,181.53
(아이의 행동이 저절로 바뀌는) 훈육의 정석 ,김보경 지음,빅피시,598.1
백신의 배신 ,로버트 F. 케네디 주니어 지음;홍지수 옮김,Mid(엠아이디),331.5414
명령에 따랐을 뿐!? ,에밀리 A. 캐스파 지음;이성민 옮김,동아시아,511.1813
필요한 휴머니즘을 향하여 ,수원가톨릭대학교출판부 편찬,수원가톨릭대학교출판부,238.2584
콜드 케이스 ,윤희숙 지음,천년의상상,320.911
"Time＇s up, tim! ","by Stella Tarakson,illustrated by Nick Roberts",Sweet Cherry Publishing,843.6
Hades＇ pet hellhound ,"by Stella Tarakson,illustrated by Nick Roberts",Sweet Cherry Publishing,843.6
Hera＇s terrible trap! ,"by Stella Tarakson,illustrated by Nick Roberts",Sweet Cherry Publishing,843.6
Problems with pythagoras! ,"by Stella Tarakson,illustrated by Nick Roberts",Sweet Cherry Publishing,843.6
Circe＇s beastly feast ,"by Stella Tarakson,illustrated by Nick Roberts",Sweet Cherry Publishing,843.6
조금씩 방울토마토,하정산 글∙그림,봄개울,808.9
우리는 언제나 너를 믿어,베스 페리 글;몰리 아이들 그림;김세실 옮김,나무말미,843.6
열쇠,줄리아 와니에 글·그림;성미경 옮김,분홍고래,863
엄마는 집 같아요,오로레 쁘띠 글·그림;고하경 옮김,개암나무,863
엄마는 내가 지킬 거야!,크리스티 캉길라스키 글·그림;이경혜 옮김,동아엠앤비,808.9
엄마 사랑,신영란 글;미소노 그림,에이치제이스마트에듀,813.8
"안녕, 야옹",김세진 지음,봄봄출판사,813.7
세상에서 가장 완벽한 눈사람,크리스 브릿 글·그림;이명진 옮김,봄의정원,843.6
벽 너머,마리도 비알 글;스테파니 마샬 그림 ;유진희 옮김,계수나무,863
방귀 구름은 어디로 갈까?,마크 테어 호어스트 지음;요코 힐리거스 그림 ;허은미 옮김,청어람미디어,808.9
몽글몽,김두경 [글·그림],부카플러스,813.8
[큰글자책]나는 어떻게 삶의 해답을 찾는가,고명환 지음,,325.211
Shadow ,by Erin Hunter,HarperCollins,843
Wind ,by Erin Hunter,HarperCollins Publishers Inc,843
LEGO Star Wars visual dictionary ,written by Simon Beecroft... [et. al.],DK Children,843
Thunder ,by Erin Hunter,HarperCollins,843
We don't lose our class goldfish ,by Ryan T. Higgins,Disney-Hyperion,843.6
글쓰기의 즐거움 ,권지영 지음,바틀비,802
부모 지도 ,셰팔리 차바리 지음;최정수 옮김,나무의마음,378.9
"반 고흐, 영원한 예술의 시작 ",빈센트 반 고흐 지음;박은영 옮김,위즈덤하우스,653.269
일단 합격 30일 완성 독일어 단어장 ,정은실 지음,동양북스(동양문고),754
마흔에 시작하는 영어회화 ,성재원 지음,넥서스,747.5
한국사 대 세계사 ,강응천 [외]지음,다산에듀,911
한국사 대 세계사 ,강응천 [외]지음,다산에듀,911
한국사 대 세계사 ,강응천 [외]지음,다산에듀,911
한국사 대 세계사 ,강응천 [외]지음,다산에듀,911
한국사 대 세계사 ,강응천 [외]지음,다산에듀,911
세계사를 만든 30개 수도 이야기 ,김동섭 지음,미래의창,909
그들의 대한제국 1897~1910 ,김태웅 지음,휴머니스트,911.059
독재의 탄생 ,에드워드 와츠 지음;신기섭 옮김,마르코폴로,922
행복은 능동적 ,노연경 지음,필름(Feelm),818
유튜브가 우리에게 없었다면 ,주형일 지음,다른,070.4
인생수업 ,법륜 지음,정토출판,818
"카오스, 카오스 에브리웨어 ",팀 파머 지음;박병철 옮김,디플롯,420
커피의 디자인 :한 잔의 공학 ,"윌리엄 리스텐파트,토냐 쿨 [같이]지음 ;최규환 ,임경민 [같이]옮김",씨아이알(CIR),573.93
브레인 밸런스 ,커밀라 노드 지음;진영인 옮김,까치,511.1813
(왠지 익숙한) 나를 닮은 동물 사전 ,요안나 바그니에프스카 지음;제니퍼 스미스 그림 ;김은영 옮김,윌북,491.508
우리는 어떻게 움직이는가 ,로이 밀스 지음;고현석 옮김,해나무,514.476
See you on the other side ,by Rachel Montez Minor;illustrated by Mariyah Rahman,Crown Books,843.6
Secrets of the snow globe,by Catherine Stier;illustrated by Floss Pottage,Albert Whitman & Co,408
(The) World behind the door ,by Pari Thomson;illustrated by Elisa Paganelli,Square Fish,843.6
(The) Tenth mistake of Hank Hooperman ,by Gennifer Choldenko,Alfred A. Knopf Books for Young Readers,843.6
Death at Morning House ,by Maureen Johnson,HarperCollins Publishers Inc,843.6
(The) Guardian test ,by Christina Soontornvat;illustrated by Kevin Hong,Scholastic Inc.,843.6
Into the shadow mist ,by Christina Soontornvat;illustrated by Kevin Hong,Scholastic Press,843.6
Small-Girl Toni and the Quest for Gold ,written by Giselle Anatol;illustrated by Raissa Figueroa,Viking Books for Young Readers,843.6
Colouring book ,[by Autumn Publishing],Bonnier Books Ltd,651
Birds ,by Moira Rose Donohue,National Geographic Kids,498
Good dog,by Cam Higgins;illustrated by Ariel Landy,Little Simon,843.6
Heavy ,by Dannika Patterson;illustrated by Davilyn Lynch,Wombats Books,843.6
Home is where the heart is ,by Emma Dodd,Templar Books,843.6
Sweet dreams ,based on the stories by Katharine Holabird;based on the illustrations by Helen Craig,Simon Spotlight,843.6
Angelina's big city ballet ,story by Katharine Holabird;illustrations by Helen Craig,Little Simon,843.6
(The) Little tiger ,by Nicola Killen,Simon & Schuster/Paula Wiseman Books,843.6
Peter and the wolf ,illusrated by Jessica Courtney-Tickle,Frances Lincoln Ltd,843.6
Our wish for you :a story about open adoption ,by Dano Moreno;illustrated by Ryan O'Rourke,"Charlesbridge Publishing,U.S.",843.6
One stormy Christmas ,series created by M. Christina Butler;illustrated by Tina Macnaughton,Tiger Tales,843
Not a monster ,by Claudia Guadalupe Martinez;illustrated by Laura Gonzalez,"Charlesbridge Publishing,U.S.",497.6
Sable and the Light ,written and illustrated by C. Rainey,Independently Published,843.6
A is for Anne ,written by Mo Duffy Cobb;art by Ellie Arscott,Pownal Street Press,843.6
We are here ,by Kate Rafiq,Dune Books,843.6
Flooded ,by Mariajo Illustrajo,QUARTO PUBLISHING GROUP,843.6
(The) Garfield movie :the junior novelization ,adapted by David Lewman,Random House Books for Young Readers,843.6
Puppy detective ,by Connor Hoover,Roots in Myth,843.6
Eyes that weave the world's wonders ,"by Joanna Ho,Liz Kleinrock ;illustrated by Dung Ho",HarperCollins,843.6
Best thing EVER! ,by Beatrice Alemagna;[translated from the French by Jill Phythian],Thames & Hudson,843.6
How to find a rainbow :a Reena & Rekha story ,wrriten by Alom Shaha;illustrated by Sarthak Sinha,Scribe Publications,843.6
(The) Rock in my throat ,written by Kao Kalia Yang;illustrated by Jiemei Lin,Carolrhoda Books,998.3
I like making things :...what jobs are there? ,by Robin Pridy;illustrated by Tom Woolley,Kane/Miller Book Publishers,321.55
(The) Wish ,by Gail Carson Levine,HarperTeen,843.6
(The) Blue starfish ,by Karen Putz,Barefoot Pub                            ,843.6
I am Ruth Bader Ginsburg ,by Brad Meltzer;illustrated by Christopher Eliopoulos,Rocky Pond Books,990
(The) Troublemakers ,by Tamzin Merchant;illustrated by Paola Escobar,Penguin Random House Children's UK,843.6
This little dinosaur :a roarsome twist on the classic nursery rhyme! ,by Coral Byers;[illustrated by] Alberta Torres,Kane/Miller Book Publishers,843.6
There was a young zombie who swallowed a worm ,written by Kaye Baillie;illustrated by Diane Ewen,Kane/Miller Book Publishers,843.6
There was a young reindeer who swallowed a present ,by Kaye Baillie;[illustrated by] Diane Ewen,Kane/Miller Book Publishers,843.6
Listening to the stars :Jocelyn Bell Burnell discovers pulsars ,by Jodie Parachini;illustrated by Alexandra Badiu,Albert Whitman & Company,998.4
Freewater ,by Amina Luqman-Dawson,Jimmy Patterson,843.6
Fox has a problem ,by Corey R. Tabor,Balzer & Bray/Harperteen,747.4
(The) Last mapmaker ,by Christina Soontornvat,Walker Books Ltd,843.6
Don't let the pigeon drive the bus! ,words and pictures by Mo Willems,Hyperion Books for Children,843
Piper Chen sings ,"written by Phillipa Soo,Maris Pasquale Doran ;illustrated by Qin Leng",Random House Studio,843.6
(The) Walk of the field mouse ,story by Nadine Robert;art by Valerio Vidali,Milky Way Picture Books,843.6
Rise of the World Eater ,by Jamie Littler,Penguin Random House Children's UK,843.6
Escape from Aurora ,by Jamie Littler,Penguin Books Ltd,843.6
(The) Order of misfits ,by Jamie Littler,Penguin Random House Children's UK,843.6
Arkspire ,by Jamie Littler,Penguin Random House Children's UK,843.6
100 things to know about sports ,written by Alice James [et. al.];illustrated by Federico Mariani [et. al.],Usborne Publishing Ltd,692
(An) Anthology of aquatic life ,"written by Sam Hume;illustrated by Angela Rizza,Daniel Long",DK Publishing (Dorling Kindersley),491.93
How does Santa go down the chimney? ,by Mac Barnett;illustrated by Jon Klassen,Walker Books,843.6
(The) Haunted house ,created and story by Francine Pascal;adaptation written by Nicole Andelfinger ;illustrated by Knack Whittle ;colors by Lyle Lynde ;letters by Warren Montgomery,Random House Graphic,843.6
Bears don't cry ,by Emma Chichester Clark,Kane/Miller Book Publishers,843.6
Caring for pets ,by Carron Brown;[illustrated by] Vanya Liang,Kane/Miller Book Publishers,082
Moving ,by Carron Brown;[illustrated by] Manuela Lo?pez,Kane/Miller Book Publishers,082
All the wonderful ways to read ,by Laura Baker;[illustrated by] Sandra de la Prada,Kane/Miller Book Publishers,843.6
(The) Boy on fire ,by Sarthak Sinha,Nobrow Press,843.6
(A) Gallery of rogues ,by Beth Lincoln;with illustrations by Claire Powell,Dutton Books for Young Readers,843.6
We who produce pearls :an anthem for Asian America ,written by Joanna Ho;illustrated by Amanda Phingbodhipakkiya,Scholastic US,843.6
Queens of the jungle :meet the female animals who rule the animal kingdom! ,by Carly Anne York;illustrated by Kimberlie Clinthorne-Wong,Priddy Books,491.508
Monsieur Roscoe in the city ,by Jim Field,HACHETTE CHILDREN,843.6
Elephants :living large ,written by Jason Viola;illustrated by Falynn Koch,First Second,408
Sour apple ,by Linda Liu,Henry Holt & Company,843.6
Spider in the Well ,by Jess Hannigan,Katherine Tegen Books,843.6
(The) Wrong way home ,by Kate O'Shaughnessy,Knopf Books for Young Readers,843.6
Taro Gomi's big book of words ,by Taro Gomi,Chronicle Books,747
Elephants :living large ,written by Jason Viola;illustrated by Falynn Koch,First Second,408
(The) House before falling into the sea ,by Ann Suk Wang;illustrated by Hanna Cha,Dial Books,843.6
"Run, run, run! ",by Taro Gomi,Chronicle Books,833.8
(A) Friend for Eddy ,by Ann Kim Ha,Greenwillow Books,843.6
Penny draws a secret adventure ,by Sara Shepard,G.P. Putnam's Sons Books for Young Readers,843.6
My first haircut ,by Yang Dong,Chronicle Books,843.6
City of wishes ,by Christina Soontornvat;illustrated by Kevin Hong,Scholastic Paperbacks,843.6
바다거북이 장례식 ,고영미 시;김혜원 그림,도토리숲,811.8
"안녕, 나는 오사카야 ","이나영 글;이지선 ,엄승현 [공]그림",상상력놀이터,980.24
(생각을 여는) 처음탄탄 한국사 ,김태규 글;이소영 그림,스푼북,911
멋진 모자를 찾아서 ,김종혁 글;최소린 그림,씨드북,813.8
부글부글 말 요리점 ,조시온 글;유지우 그림,씨드북,813.8
진짜 어른이 되는 법 ,김주연 글;이수현 그림,씨드북,813.8
그리스 로마 신화 올림포스 히어로 ,민초 글;이유철 그림,예림당,219.21
비투스의 생일잔치 ,다니엘라 드레셔 지음;한미경 옮김,하늘퍼블리싱,853
고백 타이머 ,조규미 글;나예 그림,다산북스,813.8
너의 생각을 응원해! ,정예슬 지음;박지윤 그림,영수책방,100
올리버의 어마어마하게 뜨거운 화산 이야기 ,호르헤 챔 글·그림;김성훈 옮김,미래엔아이세움,451.31
진흙탕 선거 ,이서영 글;이승연 그림,미래엔아이세움,813.8
도깨비들 :방망이 쟁탈전 ,김종렬 글;우주 그림,다림,813.8
개 아니고 가족입니다 ,이하은 글;장정오 그림,꿈터,808.9
고래를 마주하는 순간 ,한태경 글;권민정 그림,썬더버드,813.8
버섯도리 버섯탐정 ,버섯도리 원작;박종은 글 ;주영휘 그림,키즈아이콘(아이코닉스),657.1
백앤아 ,백앤아 원작;지유리 글 ;돌만 그림,샌드박스네트워크,813.8
(초등학생) 한국사 궁금증 100 ,정재은 지음;유남영 그림,다락원,911
(발명코믹북) 무한의 계단 ,임우영 글;양선모 그림,서울문화사,507.5
(읽다 보면 저절로 알게 되는) 신비한 끈기·집중·성취 사전 ,양작가 글·그림,파란정원,199
딱지치기 수업 ,주종민 글;김이주 그림,가문비,808.9
불꽃이 된 독립운동가 매헌 윤봉길 ,민병덕 글;강화경 그림,스푼북,998.9
내 이름은 이강산 ,신현수 글;이준선 그림,스푼북,813.8
(생각을 여는) 처음탄탄 한국사 ,김현숙 글;김효주 그림,스푼북,911
(생각을 여는) 처음탄탄 한국사 ,황은희 글;박연옥 그림,스푼북,911
작은 요정의 새옷 ,다니엘라 드레셔 지음;한미경 옮김,하늘퍼블리싱,853
자유롭게 새처럼 ,바루 글·그림;김여진 옮김,올리,843.6
빨간 사과가 먹고 싶다면 ,진주 글;가희 사진그림,핑거,813.8
달님 송편 ,안영은 글;서영 그림,키즈엠,813.8
가을 ,권지영 글;최정인 그림,단비어린이,813.8
작은 도자기 인형의 모험 ,최정인 글·그림,브와포레,813.8
액티비티북 핀란드 ,이안나 글·그림,시대인,982.3
무엇이든 던져 드립니다 ,황지영 글;조보람 그림,노란상상,813.8
늦가을의 골칫덩이 ,이갑규 글·그림,제제의숲,813.8
빛나는 외출 ,최은영 지음;이장미 그림,시금치,813.8
슈퍼 드윕 ,제스 브래들리 글·그림;김민영 옮김,기린미디어,843.6
두근두근 꼬모의 탄생 ,디자인에그 원작;고수리 글 ;차상미 그림,M창비(미디어창비),375.1
"생일 축하해요, 엄마! ",디자인에그 원작;고수리 글 ;차상미 그림,M창비(미디어창비),375.1
으스스 심부름 가는 길 ,디자인에그 원작;고수리 글 ;차상미 그림,M창비(미디어창비),375.1
史차원 김재원의 지켜라! 한국사 ,김재원 글;별미디어 글·그림,툰드라,911
(100가지 사진으로 보는) 지구의 신비 ,"캘리 올더쇼 지음;안젤라 리자 ,다니엘 롱 [공]그림 ;김미선 옮김",책과함께,450
(100가지 사진으로 보는) 동물의 신비 ,"벤 호어 지음;다니엘 롱 ,안젤라 리자 ,다니엘라 테라치니 [공]그림 ;김미선 옮김",책과함께,491.5
레인보우 버블젬 ,[학산문화사 편집부 지음],학산문화사,657.1
레인보우 버블젬 ,[학산문화사 편집부 지음],학산문화사,657.1
슝슝 문어 ,이시이 기요타카 글·그림;이영미 옮김,나무생각,833.8
밥 먹기 싫어 ,크리스틴 슈나이더 글;에르베 피넬 그림 ;김지연 옮김,그린북,863
내 쉬통 어딨어 ,크리스틴 슈나이더 글;에르베 피넬 그림 ;허보미 옮김,그린북,863
초록의 시간 ,정윤선 글;클로이 그림,이지북,539
아이디어 ,이자벨 심레르 글·그림;김희정 옮김,킨더랜드,863
고양이가 된 고양이 ,박서진 글;국설희 그림,보랏빛소,813.8
거짓말을 팝니다 ,김자연 글;박현주 그림,보랏빛소,813.8
쿠키런 어드벤처 ,동암 송도수 글;서정은 그림,서울문화사,980.24
남모래 방귀 뀌는 방법 ,아라 글;장고딕 그림,풀빛,813.8
푸먹 ,푸먹 원작,서울문화사,594.019
거미줄 줄넘기 ,신원미 글;홍그림 그림,마루비,808.9
안개 숲을 지날 때 ,송미경 지음;장선환 그림,봄볕,808.9
(뽀글뽀글) 행운 삼총사 ,백혜진 글;불곰 그림,비전비엔피,813.8
파란 나비 목걸이 ,정은경 글;김승혜 그림,좋은꿈,813.8
갓이 사라진 세상에서 ,류영진 지음;임윤미 그림,좋은꿈,813.8
"고맙습니다, 염소 아저씨 ",스기모토 미사키 글;도리고에 마리 그림 ;해밀뜰 옮김,책속물고기,833.8
어쩌면 우주 떠돌이 ,최은영 글;해랑 그림,개암나무,808.9
생각하고 느끼는 동물들 ,카르스텐 브렌징 글;니콜라이 렝거 그림 ;정일주 옮김,생각비행,491.51
말하고 소통하는 동물들 ,카르스텐 브렌징 글;니콜라이 렝거 그림 ;정일주 옮김,생각비행,491
무슨 버튼일까? ,사타케 슌스케 글·그림;윤수정 옮김,을파소(북이십일 을파소),808.9
꽃분이와 돌고래 ,다원 글·그림,이루리북스,813.8
똥똥똥 ,수아현 글·그림,웅진주니어,375.1
여름이 지나면 ,박찬미 글·그림,달리,813.8
(치카 푸카) 양치질 기차 ,기도 나오코 글·그림;김보나 옮김,웅진주니어,375.1
편의점을 털어라!  :화학편 ,고은지 글;왕지성 그림,북멘토,430
아기 햄스터 보송이의 모험 ,김규연 글·그림,마루벌,813.8
잘사는 나라 못사는 나라 ,석혜원 글;고상미 그림,다섯수레,320
되똥 날다 ,권민아 글·그림,북랩,813.8
"달려라, 애니! 자전거 타고 세계 속으로 ",비비안 커크필드 글;앨리슨 제이 그림 ;한성희 옮김,키위북스(어린이),843.6
서점에 사는 고양이 ,리우브카 지음;김지연 옮김,별글,863
우리 아빠는 무슬림이에요 ,이창훈 [외]지음,학이사어린이,389
스마트 노트 정리 with 굿노트 ,"이상권,김형지 [공]지음",길벗,004.16
설민석의 우리 고전 대모험 ,"설민석,최설희 [공]글 ;강신영 그림",Dankkum i(단꿈아이),813.5
신라 건국신화 ,조현설 글;편형규 그림,한겨레출판사,388.311
(종이와 펜으로 하는) 수학게임왕 ,이동화 지음,콩세알,410
소나기 ,피도크 글·그림,포레스트북스,813.8
아보카도가 사막을 만든다고? ,"김미현,송성혜 [공]글 ;한호진 그림",올리,539.9
팬마와 춤추면 행복이 커져! ,장성자 글;박현주 그림,바우솔,813.8
엘라와 고무줄 장수의 모험 ,손승현 글;조은 그림,온더페이지,813.8
우리들의 치악산 학교 ,정혜원 글;김순영 그림,고래책빵,813.8
제주도에 간 전설의 고양이 탐정 ,김재성 글;이새벽 그림,파랑새,813.8
제주도에 간 전설의 고양이 탐정 ,김재성 글;이새벽 그림,파랑새,813.8
화살 소년 ,송언 글;소복이 그림,종이종,808.9
아이언맨 ,티보 베라르 글;비올레트 르 장드르 그림 ;박정연 옮김,안녕로빈,863
야생동물 생태통로 ,캐서린 바 지음;크리스틴 엥겔 그림 ;유윤한 옮김,안녕로빈,491
아기 공룡 길들이기 ,변금옥 시;방숙경 그림,소금북,811.8
어왕찾기 ,"장웨이 지음;왕위령 ,심규호 [공]옮김",민속원,823.7
고체 액체 기체가 뭐래? ,윤병무 글;이철형 그림,국수,408
"(똑똑) 열려라, 한국사 ",고성윤 글;조승연 그림,상상의집,911
여기는 요괴 병원 ,도미야스 요코 글;고마쓰 요시카 그림 ;송지현 옮김,다산북스,833.8
(재미있게 술술 읽는) 저학년 과학상식 ,류철상 엮음,상서각(책동네),400
신비 아파트 공부 귀신 ,최재훈 글;케나즈 그림,웅진주니어,031
놀이동산에서 3년 ,조성자 글;이영림 그림,미래엔,813.8
올리버의 어마어마하게 큰 우주 이야기 ,호르헤 챔 글·그림;장이린 옮김,미래엔,443.1
좀비고등학교 코믹스 :시즌 2 ,박순영 글;라임스튜디오 그림,겜툰,657.1
전나무 저니의 모험 ,올리비에 탈레크 글·그림;이나무 옮김,이숲,863
천하무적 개냥이 수사대 :시즌 2 ,이승민 글 ;윤태규 그림,위즈덤하우스,813.8
돌탑에 쌓은 바람,이상미 글;황여진 그림,가치창조,808.9
아빠의 불량 추억 ,장세련 글 ;시은경 그림,가치창조,808.9
민쩌미의 쩜그레 ,민쩌미 원작 ;백승하 글 ;라임스튜디오 그림,겜툰,657.1
황금을 찾아라 ,조연화 글 ;국은오 그림,가치창조,808.9
넌 혼자가 아니야 ,서성자 글 ;유재엽 그림,가치창조,808.9
내가 왜 올라가는지 알려 줄까? :최고의 등반가들 ,레이나 올리비에 ;카렐 클레스 [공]글 ;스테피 파드모스 그림,상수리,408
안아 보자 ,공은혜 지음,길벗어린이,813.8
"매일, 살림 ",김지혜 지음,보림,813.8
기린과 함께 서쪽으로 ,린다 러틀리지 지음 ;김마림 옮김,열린책들,843.6
어쩌면 세상을 구할 기생충 ,스콧 L. 가드너 ;주디 다이아몬드 ;가버 라츠 [공]지음 ;브렌다 리 그림 ;김주희 옮김,코쿤북스,491.55
산타봇-0,박우희 글·그림,시공사,813.8
꿈이 이루어지는 미래 노트,혼다 아리아케 글;김지연 옮김,책과콩나무,833.8
아름다운 아이,R.J. 팔라시오 글;천미나 옮김,책과콩나무,843
외동을 위한 매뉴얼:송선혜 단편집,송선혜 글;박현주 그림,책과콩나무,813.8
오늘 아침에 고래를 만났습니다,마이클 모퍼고 글;크리스천 버밍엄 그림;천미나 옮김,책과콩나무,843
(아름다운 아이) 화이트 버드,R. J. 팔라시오;에리카 S. 펄 [공]지음;천미나 옮김,책과콩나무,843.6
에그박사,에그박사 원작;박송이 글;홍종현 그림,미래엔,472
"예술로 세상을 구하라, 아트 어벤저",올라프 팔라펠 글·그림;김인경 옮김,책과콩나무,843.6
(비밀요원 레너드) 우리말 사무소:초등 필수 어휘,이향안 글;라임스튜디오 그림,아울북,714
벌거벗은 세계사,이현희 글;최호정 그림,아울북,909
(곽재식의) 괴물 과학 수사대,곽재식;강민정 [공]글;박그림 그림,위즈덤하우스,404
만화경 사진관:마법 같은 인생 한 컷,히로시마 레이코 글;하시 가쓰카메 그림;송지현 옮김,다산어린이,833.8
50번 고속 도로 환상 여행,강전희 지음,진선아이,813.8
네 쌍둥이 데이즈,히노 히마리 글;사쿠라 오리코 그림;정인영 옮김,을파소,833.8
나를 지키고 너를 사랑하는 관계 맺기 연습,한투 편저;김희정 옮김,데이스타,189.2
코드네임 숏컷,강경수 글·그림,시공주니어,813.8
루미너스 오늘부터 데뷔합니다,김영주 글;하티 그림,다산어린이,813.8
(풀수록 똑똑해지는) 곤충 퀴즈 백과 100,신기한 생각 연구소 지음;구연산 그림,보누스,495.2
(풀수록 똑똑해지는) 수수께끼 퀴즈 백과 200,신기한 생각 연구소 지음,보누스,388.6
(풀수록 똑똑해지는) 속담 퀴즈 백과 100,신기한 생각 연구소 지음;은옥 그림,보누스,388.6
붉은 소나무 숲의 비밀,정윤선 글;김민지 그림,썬더버드,813.8
우리 소통해요!,라드카 피로 글;샬럿 몰라스 그림;이계순 옮김,씨드북,189.2
하얀 토끼네 가족,프란체스카 마스케로니 글;이사도라 브릴로 그림;이현경 옮김,미래엔아이세움,883
Ö [오!],라울 니에토 구리디 글·그림,나무말미,863
겜브링 게임스쿨,겜브링 원작;윤상석 글;작은비버 그림,예림당,657.1
소원 팔찌 소동,임화선 글;최해영 그림,봄마중,813.8
말랑말랑 기억 젤리,이향지 글;이은주 그림,봄마중,813.8
유령 케이크 가게,SAKAE 지음,아이콕스,833.8
랄라의 첫 심부름:가을 시장 이야기,카지리 미나코 글·그림;최은영 옮김,천개의바람,833.8
랄라 가족의 즐거운 소풍:봄 들판 이야기,카지리 미나코 글·그림;최은영 옮김,천개의바람,833.8
공항으로 마중 가는 날:여름 바다 이야기,카지리 미나코 글·그림;최은영 옮김,천개의바람,833.8
동생이 아픈 날:겨울 병원 이야기,카지리 미나코 글·그림;최은영 옮김,천개의바람,833.8
예술로 만나요,김희경 지음,현북스,600.7
"미움아, 안녕!",조셉 코엘로우 글;앨리슨 콜포이스 그림;김세실 옮김,노란상상,843.6
집 없는 달팽이,리나 레텔리에르 글·그림;김서정 옮김,"미래아이(미래M&B,미래엠앤비)",808.9
엄마가 체포되었어요,다니엘 셸린 글;클라라 바르틸손 그림;신견식 옮김,지양사,859.7
(비밀요원 레너드) 추억의 놀이 대작전,한리라 글;퍼니툰 그림,아울북,813.8
박자혜,유은실 글;서영아 그림,비룡소,990.8
전사들,에린 헌터 지음;댄 졸리 글;제임스 L. 베리 그림;서현정 옮김,가람어린이,657.1
환생학교 요괴반,웃소 원작;윤종문 글;파키나미 그림,미래엔아이세움,657.1
코드네임X 렛츠런,김정욱 글;김덕영 그림,시공주니어,980.2
파피 플레이타임 공식 게임 설정집:생존자의 비밀 수첩,Scholastic Inc. 원작;고스트햄 옮김,서울문화사,691
이제부터 노범생,서성환 글;김성희 그림,데이스타,813.8
여기는 루퐁이네,루퐁이 지음,서울문화사,818
별의 커비 푸푸푸 히어로,아오키 케이;미카마루 [같이]만화;김지영 옮김,다산어린이,657.1
뼈뼈 사우루스,암모나이트 글·그림;김정화 옮김,미래엔아이세움,833.8
황석영의 어린이 민담집,황석영 글;최준규 그림,휴먼큐브,388.111
경이로운 곤충 팝업북,벤 호어 글;재스민 플로이드 그림;조은영 옮김,북극곰,808.9
변호사 어벤저스,고희정 글;최미란 그림,가나출판사,360
뜨개 아이 다정이,배인주 글;김고둥 그림,천개의바람,808.91
(기후 위기 해결사) 사이다 탐정,백명식 글·그림,와이즈만BOOKs(와이즈만북스),539.9
멋진 깃털을 갖고 싶어!,김황 글;안효림 그림,한울림,813.8
고릴라와 파랑새,채상우 지음,한울림,813.8
바람에 날아갔어,이명희 지음,한울림,813.8
이 선을 넘지 말아 줄래?,백혜영 지음,한울림,813.8
빨간 썰매,이은영 지음,한울림,813.8
곱슬도치 아저씨의 달콤한 친절,오이어 지음,한울림,813.8
엄마는 내가 지킬 거야!,크리스티 캉길라스키 글·그림;이경혜 옮김,동아엠앤비,839.65
꽃샘추위,임순옥 글;이상권 그림,산하,808.9
빡빡머리 천백지용,백은하 글;이유나 그림,꿈터,808.9
불가사리를 기억해:유영소 창작동화집,유영소 지음;이영림 그림,사계절(사계절출판사),808.9
내 마음을 구경함,김륭 시;노인경 그림,문학동네,811.8
김구:아름다운 나라를 꿈꾸다,청년백범 글;박시백 그림,한겨레아이들,990
제인 구달:침팬지의 용감한 친구,카트린 하네만 글;우베 마이어 그림;윤혜정 옮김,한겨레아이들,990
윤동주:별을 노래하는 마음,정지원 글;임소희 그림,한겨레아이들,990
전태일:불꽃이 된 노동자,오도엽 글;이상규 그림,한겨레아이들,990
조영래:사람을 사랑한 변호사,신지영 글;권용득 그림,한겨레아이들,990
얼음땡,문명예 글·그림,시공사,813.8
돈 가져간 사슴이,이태준 글;박현주 그림,창비,813.8
"걱정꾸러기 치치, 재능 깃털을 찾아서!",노수미 글;심보영 그림,웅진주니어,813.8
하루 하나 꺼내 먹는 속담 따라 쓰기,에듀스토리 글;황재윤 그림,마카롱플러스 미디어,388.6
하루 하나 꺼내 먹는 관용어 따라 쓰기,에듀스토리 글;황재윤 그림,마카롱플러스미디어,714.4
하루 하나 꺼내 먹는 사자성어 따라 쓰기,우당탕실험실 글;황재윤 그림,마카롱플러스미디어,714.4
하루 하나 꺼내 보는 세계 나라,에듀스토리 지음,마카롱플러스미디어,980
마법의 두루마리,강무홍 글;김종범 그림,햇살과나무꾼,911
푸른 사자 와니니,이현 지음;오윤화 그림,창비,082
화투 쳐 주는 아이,임지형 글;임미란 그림,이지북,813.8
진짜 이루다,박슬기 글;명수경 그림,이지북,813.8
미지의 파랑,차율이 글;샤토 그림,비룡소,813.8
환상 해결사,강민정 글;김래현 그림,비룡소,813.8
미카엘라,박에스더 글;이경희 그림,비룡소,813.8
엘리베이터를 타고 우주로 나가 볼까?,정윤선 글;이유민 그림,자음과모음,443.1
방과 후 미스터리 클럽,치넨 미키토 글;Gurin. 그림;한귀숙 옮김,시공주니어,833.8
"퀴즈, 반려동물!",임정은 글;김현영 그림,초록개구리,527.386
(초등 문해력) 교과 어휘가 답!:사회·과학 1단계,박재찬(달리쌤) 지음,서사원주니어,714
도깨비 시장,나윤하 글;이준선 그림,크레용하우스,813.8
동생 흉보기 대회,정란희 글;김중석 그림,크레용하우스,813.8
우리 집은 나 없으면 안 돼!,노경실 글;박영미 그림,크레용하우스,813.8
말 잘 듣는 아이,최춘해 지음;이을희 그림,브로콜리숲,811.8
Tuesday ,by Eva Amores ＆ Matt Cosgrove,Simon & Schuster,843.6
손정의 사업가 정신 ,이노우에 아쓰오 지음 ;이지현 옮김,비즈니스랩,325.099
"포르노그래피, 그리고 청년이라는 문제 ",연구모임 사회 비판과 대안 엮음,사월의책,337.5
자기주관으로 나의 언어를 만들어라 ,요시타니 고로 지음 ;정지영 옮김,시옷책방,325.211
긱블 제작소 ,긱블 원작 ;박송이 지음 ;팀키즈 그림,미래엔아이세움,504
"나랑 만나, ㅏ ",유은미 글·그림,상상아이(상상아카데미),710
(보글보글)열 단어 한국사 라면 ,양화당 글 ;김령언 그림,웅진주니어,911
"마크 로스코, 내면으로부터 ",크리스토퍼 로스코 지음 ;이연식 옮김,은행나무,653.234
Economics for Beginners ,by Andrew Prentice ;Lara Bryan,Usborne Publishing Ltd,320
(보글보글) 열 단어 한국사 라면 ,양화당 글 ;김령언 그림,웅진주니어,911
(학부모가 나서서) 공교육을 뒤엎자 ,김정호 지음,비비트리북스,371
몹시 큰 초대장 ,박서영 글·그림,모든요일그림책,813.8
인형 이야기 ,루머 고든 글 ;폴린 베인스 그림 ;햇살과나무꾼 옮김,비룡소,808.9
암호 클럽 ,페니 워너 글 ;효고노스케 그림 ;윤영 옮김,가람어린이,843.607
판례로 보는 한국 사회 쟁점 20 ,이광원 지음,스핑크스,309.111
도메인 스토리텔링 ,스테판 호퍼 ;헤닝 슈벤트너 지음 ;트랜스메이트 옮김,위키북스,005.1
와이어샤크 한번에 배우기 ,리사 복 지음 ;이재광 ;전태일 ;이성현 [같이]옮김,지니북스,004.5
JVM 밑바닥까지 파헤치기 ,저우즈밍 지음 ;개앞맵시 옮김,인사이트,005.133
여우의 돋보기 ,이선영 지음,키큰도토리,813.8
"결국, 오프라인 ",최원석 지음,Designhouse(디자인하우스),325.571
파우스트 ,요한 볼프강 폰 괴테 원작 ;허연 글 ;최은영 그림,고래의숲,808.9
SNS 마케팅 ,강진영 ;유영진 [공]지음,제이펍,325.555
(핵심만 요약한) 데이터 조작과 시각화 파이썬 코드북 ,조정임 지음,Algoboni(알고보니),005.76
(핵심만 요약한) 통계와 머신러닝 파이썬 코드북 ,조정임 지음,Algoboni(알고보니),004.73
비밀요원 레너드 ,박설연 글 ;김덕영 그림,아울북,813.8
한밤의 몽상가들 ,이자벨 심레르 글 ;최혜진 옮김,여유당(여유당출판사),863
요괴 퀴즈 대전 ,닭군 글·그림,파란정원,031
(보글보글) 열 단어 한국사 라면 ,양화당 글 ;김령언 그림,웅진주니어,911
Press start! ,by Thomas Flintham,Scholastic Inc.,843.6
Ideaflow ,by Jeremy Utley ;Perry Klebahn,Ebury Publishing,325.19
여름 이야기 ,질 바클렘 글·그림;이연향 옮김,마루벌,843
가을 이야기 ,질 바클렘 글·그림;이연향 옮김,마루벌,843
당나귀 임금님 ,조태봉 글;심보영 그림,청개구리,813.8
나한테만 코브라 엄마 ,서석영 글;김일주 그림,풀과바람,813.8
유령 케이크 가게 :비밀의 소원 ,Sakae 글·그림,아이콕스,833.8
곤충 마을로 간 윤오 ,정영재 글 ;미소노 그림,한림출판사,808
열두 살 궁그미를 위한 지구과학 ,안나 클레이본 글 ;알렉스 포스터 그림 ;김기상 옮김,니케북스,408
열두 살 궁그미를 위한 천문학 ,자일스 스패로우 글 ;닉 네베스 그림 ;임여명 옮김,니케주니어,408
초코칩을 심으면 ,동글 글 ;김현주 그림,가문비어린이,808.9
버럭 왕자님 ,박상희 글 ;신소담 그림,가문비(어린이가문비),808.9
삐삐야 미안해 ,이주영 글 ;류충렬 그림,현북스,813.8
"상괭이, 우리 반쪽이 ",김일광 글 ;혜영드로잉 그림,현북스,813.8
어쩌다 가족 ,박마루 글 ;정은주 그림,현북스,813.8
"엄마, 죽지 마 ",이창숙 글 ;김순영 그림,현북스,813.8
매화꽃 편지 ,문영숙 글 ;신진호 그림,보랏빛소어린이,808.9
퐁퐁 팡팡! 빗방울 놀이공원 ,상자 글 ;이수현 그림,보랏빛소어린이,808.9
태양과 행성 ,롭 로이드 존스 글 ;테레사 벨론 그림 ;송지혜 옮김,어스본코리아,408
어디가 아프세요? ,이정록 글 ;이선주 그림,가치창조,808
쥬크리브의 괴물도감 :서양 괴물 ,Team. StoryG 글,oldstairs(올드스테어즈),388.1
나에게 너를 보여줘 ,데이비드 워티에 지음 ;김지연 옮김,너와숲,808.9
옥상의 전설 ,정은주 글 ;모수진 그림,북극곰,813.8
언제나 인사해! ,티에리 베두에 그림,사파리,375.1
모두모두 까꿍! ,조 로지 그림,사파리,375.1
큰 코끼리 작은 생쥐 ,코너 로슨 그림,사파리,375.1
짠! 우리 가족이야 ,필립 번팅 그림,사파리,375.1
귀로 쫑긋 코로 킁킁 ,히루네 타로 그림,사파리,375.1
휘슬이 두 번 울릴 때까지 ,이명애 지음,사계절,342.1
두 점 이야기 ,요안나 올레흐 글 ;에드가르 봉크 그림 ;이지원 옮김,사계절,342.1
행복은 어떤 모양일까? ,박세연 글 ;강혜영 그림,꼬마뭉치,813.8
"안녕, 작은 별 손님 ",한유진 글 ;젤리이모 그림,그린북,808.9
(정브르의) 별별 곤충 일기 ,정브르 지음,서울문화사,408
내가 똑똑하다고? ,김은아 글 ;강은옥 그림,천개의바람,808.91
나는야 초등 뉴스왕 ,임영진 외 [공]지음,책들의정원,070
나는야 초등 뉴스왕 ,임영진 지음,책들의정원,070
눈초롱의 아기들 ,질 바클렘 글·그림 ;강경혜 옮김,마루벌,843
바다 이야기 ,질 바클렘 글·그림 ;강경혜 옮김,마루벌,843
겨울 이야기 ,질 바클렘 글·그림 ;이연향 옮김,마루벌,843
봄 이야기 ,"질,바클렘 글.그림 ;이연향 옮김",마루벌,843
높은 산의 모험 ,질 바클렘 글·그림 ;강경혜 옮김,마루벌,843
비밀의 계단 ,질 바클렘 글·그림 ;강경혜 옮김,마루벌,843
얼굴 없는 친구 ,지혜진 글 ;이갑규 그림,산하,808.9
나는 바람 마녀 ,김은하 글 ;우지현 그림,산하,808.9
택배전쟁 ,이초아 글 ;최현묵 그림,꿈터,808.9
단짝 친구 차지하기 대작전 ,심윤경 글 ;조승연 그림,사계절,808.9
선생님도 졸지 모른다 ,김개미 시 ;고마쭈 그림,문학동네,811.8
초록 뱀이 있던 자리 ,김철순 지음 ;최혜진 그림,문학동네,811.8
과수원 길 ,박상재 글 ;볕든 그림,고래책빵,808.9
우리들의 최애 카드 ,이초아 글 ;국민지 그림,잇츠북어린이,810.82
여행을 떠나자 ,가에데 마치코 글·그림 ;고향옥 옮김,웅진주니어,808.9
꽃들의 속삭임 ,데나 세이퍼링 글·그림 ;이계순 옮김,라임,808.9
그 소문 진짜야? ,안 크라에 글·그림 ;김자연 옮김,라임,808.9
숨어 있는 집 ,마틴 워델 글 ;안젤라 배럿 그림 ;이상희 옮김,비룡소,808.9
알쏭달쏭 정리 정돈 ,타나카 타츠야 지음 ;고향옥 옮김,비룡소,808.9
"찰리 채플린, 세상을 웃긴 배우 ",우순교 글 ;유창창 그림,한겨레아이들,990
포도방방 ,최혜진 글·그림,시공주니어,813.8
요괴 전시회 ,강벼리 시 ;정마리 그림,상상,811.8
나이지리아 볼펜 ,신민규 시·그림,상상,811.8
괴물이 될 테야 ,홍일표 시 ;배도하 그림,상상,811.8
고양이 사진관 ,송찬호 글 ;반달 그림,상상,811.8
세상에 하나뿐인 여름 식물도감 ,한정영 글 ;김민우 그림,북멘토(도서출판),481
내소사 느타나무 ,배귀선 글 ;구해인 그림,브로콜리숲,811.8
언제나 깔깔깔 ,지은이: 임우희 ;그린이: 이을희 ;영어 번역: 이광운,브로콜리숲,811.8
별이 필요해 ,박일 [지음],브로콜리숲,811.8
날마다 산타 ,오원량 글 ;고니 그림,브로콜리숲,811.8
초작초작 소리도 곱다 ,최복자 지음 ;이을희 그림,브로콜리숲,811.8
(풀수록 똑똑해지는) 세계 지리 퀴즈 백과 100 ,은옥 글·그림,보누스,980
"안녕, 로트 ",박정안 글 ;차상미 그림,썬더버드,813.8
세상의 모든 구멍 ,노라 니컴 글 ;로버트 매겅크 그림 ;강나은 옮김,씨드북(주),450
진짜 진짜 놀라워 ,애나벨 세구라 란츠 글·그림 ;이진 옮김,오렌지연필,873
진짜 진짜 슬퍼 ,애나벨 세구라 란츠 글·그림 ;이진 옮김,오렌지연필,873
초등학생을 위한 박학다식 이야기 :사회 ,좋은생각 편집부 ;최인수 [공]글,좋은생각어린이,031
초등학생을 위한 박학다식 이야기 :역사 ,좋은생각 편집부 ;심선민 [공]글,좋은생각사람들,031
초등학생을 위한 박학다식 이야기 :과학 ,좋은생각 편집부 ;윤용석 [공]글,좋은생각어린이,031
하루 한 장 나의 어휘력을 위한 필사 노트 ,유선경 지음,위즈덤하우스,802.5
베테랑 직장인의 충고 - 먹어라 그렇지 않으면 먹힌다,"필 포터 (지은이), 최인자 (옮긴이)",굿모닝미디어,325.211
우리에게 남은시간 46일,이설,하이스트,813.7
"꾸준히, 오래, 지치지 않고 - 일에 먹히지 않고 나를 지키는 마음의 태도에 대하여",하지현 (지은이),마티스블루,325.211
리더는 항상 옳다 - 무엇이 옳은지 고민하는 만큼 리더는 성장한다,우미영 (지은이),북스톤,325.24
아프리카에서 부르는 바람의 노래,홍세기 (지은이),템북,818
"AI 트루스 - 두려움의 시대, 냉철하게 마주해야 할 가장 명확한 진실",임백준 (지은이),한빛미디어,331.5412
허구의 철학 - 지속 가능한 삶과 정신을 위한 허구의 올바른 자리 찾기,"마르쿠스 가브리엘 (지은이), 전대호 (옮긴이)",열린책들,175
나다움을 찾는 100가지 질문과 일기,우경하 (지은이),창조와지식(북모아),199.1
얼굴 습관의 힘 - 턱 운동과 코 호흡만으로도 얼굴 구조가 달라지는,"산드라 칸, 폴 R. 에이를리히 (지은이), 엄성수 (옮긴이), 임선진 (감수)",생능북스,514.92
동이 삼국지 - 한반도와 대륙을 뒤흔든 대서사 드라마,박동 (지은이),책과나무,911.033
어른의 기분 관리법 - 감정에 휘둘려 손해 봤던 어른을 위한 조언,"손힘찬, 이영탁, 이현정, 승PD, 박은주, 아이릿, 이주희, 김영미, 이민영 (지은이)",어센딩,818
야구의 나라 - 한국의 파워 엘리트들은 어떻게 야구를 국민 스포츠로 만들었나,이종성 (지은이),틈새책방,695.7
돌로레스 캐논 죽음과 삶 사이의 세계,"돌로레스 캐논 (지은이), 정순임, 윤나진 (옮긴이)",공명,126.5
오늘부터 당신은 직원관리가 쉬워진다 - 10인 이하 사업가를 성공으로 이끄는 직원관리 프로세스 8단계,신재환 (지은이),미다스북스,325.2
캐리어의 절반은,"곤도 후미에 (지은이), 윤선해 (옮긴이)",황소자리(Taurus),833.6
전남친 최애음식 매장위원회,"가와시로 사키 (지은이), 황국영 (옮긴이)",다산북스,833.6
박지운의 오페라와 인생,박지운 (지은이),Sun,670.204
백차 - 기초부터 배우는,"오석단, 주빈 (지은이), 정승호 (감수)",한국티소믈리에연구원,594.3994
67년생 김영수와 02년생 이보람의 같은 장소 다른 추억 - 사진으로 떠나는 타임슬립,"김찬휘, 김형진, 정치영 (지은이)",인라우드,911.0028
지금 이 책 60 - 7년의 기록! 인문학 칼럼니스트가 꼽은 60권의 통찰,박종선 (지은이),조선뉴스프레스,029.1
"이상한 나라, 대한민국",최범 (지은이),기파랑(기파랑에크리),331.50911
진중일지로 본 일본군 위안소 - 일본군 '위안부' 문제 해결의 돌파구를 찾다,하종문 (지은이),휴머니스트출판그룹,911.06
새벽의 모든,"세오 마이코 (지은이), 김난주 (옮긴이)",사람in,833.6
"굿바이, 동유럽 ",제이콥 미카노프스키 지음 ;허승철 옮김,책과함께,920
그때 아이에게 이런 말을 했더라면 ,정재영 지음,체인지업,598.1
"다시 오는 기회, 미국 주식이 답이다 ",이주택 지음,월요일의꿈,327.856
(해시태그) 크로아티아 한 달 살기 ,조대현 지음,해시태그(Hashtag),982.9942
작사와 썸타기! 그니까 작사가 뭐냐면 ,안영주 지음,더디퍼런스,673.511
어른을 위한 말 지식 ,노경아 지음,라이프앤페이지,712
그린 라이트 다이어트 ,김근혜 지음,마음연결,517.52
꽃처럼 ,정주희 지음,모요사,634.4
현명한 부모는 사춘기를 미리 준비한다 ,이현주 ;이현옥 [공]지음,더블북,598.125
의무론 ,마르쿠스 툴리우스 키케로 지음 ;김남우 옮김,열린책들,160.28
"조선, 시험지옥에 빠지다 ",이한 지음,위즈덤하우스,911.05
"느리게 읽기의 기적, 영어 그림책 100 ",고광윤 지음,길벗,740.7
시작점의 시작 ,치카노 아이 지음 ;박재영 옮김,책읽는수요일,833.6
마치 박사의 네 아들 ,브리지트 오베르 지음 ;양영란 옮김,엘릭시르,863
(내 아이를 위한) 매터링 코칭 ,제니퍼 월리스 지음 ;조경실 옮김,웨일북,598.1
A4 한 장을 쓰는 힘 ,안광복 지음,어크로스,802
(월 20달러로) 비즈니스 글쓰기 with 챗GPT ,홍순성 지음,한빛미디어,004.73
"프리세일즈, 고객과 기업을 잇는 기술 대표 ",최종일 지음,책만,325.5
색 잘 쓰는 디자이너 ,고바야시 레나 지음,이지스퍼블리싱,658.3
곰돌이 푸의 다정한 리더십 ,로저 앨런 지음 ;김정희 지음,드림셀러,325.211
원룸에서 우주를 보다 ,구보 유키 지음 ;곽범신 번역,반니,443.104
실무로 통하는 클린 코드 ,막시밀리아노 콘티에리 지음 ;이태영 옮김,한빛미디어,005.5
네트워크 인프라 자동화 ,맷 오스왈트 [외]지음 ;이주호 옮김,한빛미디어,005.8
커맨드라인 러스트 ,켄 유엔스-클라크 지음 ;조성만 옮김,제이펍,005.133
스무 낮 읽고 스무 밤 느끼다 ,박완서 [외]지음,마음산책,813.7
종의 소멸 ,카트린 뵈닝게제 ;프리데리케 바우어 [공]지음 ;이미옥 옮김,에코리브르,476.0162
항복의 길 ,에번 토머스 지음;조행복 옮김,까치,909
평등의 짧은 역사 ,토마 피케티 지음;전미연 옮김,그러나,321.2
파도가 닿았던 모든 순간 ,무라야마 유카 지음 ;양윤옥 옮김,놀,833.6
황금별의 미국 주식 배당 ETF 투자 습관 ,최윤영(황금별) 지음,좋은습관연구소,327.856
고스팅 :그가 사라졌다 ,리사 엉거 지음 ;이은선 옮김,황금시간,843.6
부동산 창업의 기술 ,정광주 지음,보민출판사,321.329
아무도 나를 위해 태어나지 않는다 ,신하루 지음,아작,813.7
너를 만나고 알게 된 행복 ,김민경 글·그림,미다스북스,598.104
(무작정 따라하기) 이탈리아 ,정숙영 지음,길벗,982.802
하루 5분 미술관 ,선동기 지음,북피움,650.9
은양 ,김서련 지음,산지니,813.7
버킷 리스트 ,나태주 지음 ;지연리 그림,열림원,811.7
삶과 죽음의 경계에서 ,곽경훈 지음,포르체,512.604
4천 3백여 년 만의 외출 ,고승우 지음,실천문학사,813.7
정부는 왜 기업이 싸우길 바랄까 :한 권으로 이해하는 경쟁법,유선일 지음,바른북스,368.121
(고객의 마음을 사로잡는) B2B 영업의 정석 ,이창주 지음,이코노믹북스,326.16
어둠의 심장 ,조지프 콘래드 지음 ;황유원 옮김,휴머니스트,808.9
프렌즈 이탈리아 ,황현희 지음,중앙books(중앙북스),982.802
섬 ,캐런 제닝스 지음 ;권경희 옮김,비채,893
(그림으로 배우는) NFT ＆ 블록체인 ,다이와종합연구소 프런티어연구개발센터 저;김은철 ;유세라 [공]역,영진.com(영진닷컴),327.2
슈바이처 제자 이일선과 인술의 실천가들 ,전정희 지음,책봄,510.99
시네마 수학 ,이광연 ;김봉석 [공]지음,투비북스,410
내 이름은 춘덕이 ,유춘덕 지음,프롬북스,818
리얼 괌 ,민정아 지음,한빛라이프,986.6102
미망 ,박완서 지음,민음사,813.6
미망 ,박완서 지음,민음사,813.6
미망 ,박완서 지음,민음사,813.6
킬에이저 ,신아인 지음,한끼,813.7
(해시태그) 프라하 ＆ 체코 ,조대현 지음,해시태그(Hashtag),982.57102
(해시태그) 가고시마 ,조대현 지음,해시태그(Hashtag),981.302
(해시태그) 대마도 ＆ 부산시티투어버스,조대현 글.사진,해시태그(Hashtag),981.3402
(어차피 살 거라면) 백 살까지 유쾌하게 나이 드는 법 ,이근후 지음,메이븐,183.7
친구의 표정 ,안담 지음,위즈덤하우스,818
없는 사람들을 생각해 ,정지혜 지음,자이언트북스,813.7
찬란한 멸종 ,이정모 지음,다산북스,491
(잠못들 정도로 재미있는 이야기) 세계사 ,스즈키 아키라 지음 ;양지영 옮김,성안당,909
뜨거운 성수동에는 구두가 있다 ,김형규 지음,달그림,818
우리는 예술가입니다 ,김유나 ;서정은 [공]지음,미니멈,600.04
넥스트 디지털 ,정해진 지음,애플씨드,325.19
가장 쉬운 수학 ,김용희 ;박구연 [공]지음,Gbrain(지브레인),410
미아 힐링하우스 ,박미아 지음,상상출판,818
엑셀 x 파이썬 ,정성일 지음,길벗,005.3
생성형 AI 업무 혁신 ,박찬규 ;윤가희 [공]지음,위키북스,004.73
너에게 행운을 선물할게 ,소카모노 지음,지콜론북,818
(무엇이든 이뤄 내는) 강한 마음 ,노엘 브릭 ;스콧 더글러스 [공]지음 ;송은혜 옮김,바다출판사,692.8
어른을 위한 말 처방 ,전종목 지음,파지트,802.5
표영호의 최소한의 부동산 공부 ,표영호 지음,메이트북스,327.87
마인크래프트,맥스 브룩스 지음;손영인 옮김,제제의숲,843.6
흉내쟁이 동물들 ,시미즈 글·그림 ;최경식 옮김,알에이치코리아,375.1
친구의 전설 ,이지은 글·그림,웅진씽크빅,808.9
첫눈에 반한 사랑 ,비스와바 쉼보르스카 시 ;베아트리체 가스카 퀘이라차 그림 ;이지원 옮김,청어람미디어,808.9
"조금 다른 아이, 문 ",아녜스 드 레스트라드 글 ;스테판 키엘 그림 ;이세진 옮김,라임,808.9
안나는 사과 할머니를 좋아해요 ,카트린 호퍼 베버 글 ;타탸나 마이-비스 그림 ;마정현 옮김,북멘토,813.808
소원 배달부 초초 ,정네모 글·그림,청어람미디어,808.9
색깔 없는 세상 ,쥘리에트 아담 글 ;모렌 푸아뇨네크 그림 ;김자연 옮김,라임,808.9
북극곰 왈루크 ,아나 미라예스 ;에밀리오 루이스 [공]지음 ;구유 옮김,바람의아이들,808.9
누구 양말이에요? ,쑨쥔 지음 ;이선경 옮김,소원나무,813.8
너는 ( ) 고양이 ,이혜인 글·그림,한솔수북,808.3
(로보카 폴리) 내가 바로 소방관! ,로이비쥬얼 원작,로이북스,372.42
"날아라, 킥보드! ",로이비쥬얼 원작,,372.42
나의 빛나는 친구 ,이세현 지음,위즈덤하우스,808.9
나눔의 기적 ,로이비쥬얼 원작,로이북스,372.62
겁쟁이가 아니야! ,로이비쥬얼 원작,로이북스,372.62
감장바위 깜장바위 ,윤여림 글 ;무르르 그림,북멘토,813.808
"기후, 기회 ",최재천 외 [공]지음 ;녹색전환연구소 엮음,북트리거,539.92
삼국지와 고구려 ,우재훈 지음,북랩,911.032
건설전문변호사 사용법 ,박세원 지음,라온북,540.023
"나를 살리는 습관, 죽이는 습관 ",조승우 지음,알에이치코리아(RHK),199.1
경제학자는 어떻게 인생의 답을 찾는가 ,카우식 바수 지음;최은아 옮김,인플루엔셜(주),325.211
위대한 동양 고전 30권을 1권으로 읽는 책 ,김연수 지음,빅피시,150
루카스 ,이문영 지음,위즈덤하우스,813.7
파리가 사랑한 카페 ,최내경 지음,BOOKERS(북커스),982.6302
오늘도 잘 지내면 그만! ,안또이 지음,대원앤북,818
애매한 사이 :애매 동인 테마 소설집 ,최미래 외 [공]지음,읻다,813.7
행동력 수업 ,오현호 지음,스카이마인드,325.211
(해시태그) 베트남 중부 ＆ 북부 ,조대현 글·사진,해시태그(Hashtag),981.4102
해바라기 마을회관에 오신 것을 환영합니다 ,히이라기 사나카 지음;김현화 옮김,제우미디어,833.6
최씨네 종말 탈출기 ,김은정 지음,북레시피,813.7
생명공학의 최전선 ,마크 짐머 엮음 ;전방욱 옮김,이상북스,570.6
프로이트 익스프레스 ,이동연 지음,북카라반,185.51
충복 ,하인리히 만 지음;남기철 옮김,지식을만드는지식,853
일하는 사람의 기본 51 ,린쉬안 지음;박소정 옮김,어떤책,325.211
산만함의 탄생 ,매기 잭슨 지음;왕수민 옮김,다산초당,181.4
오늘 당신의 날씨는 어떠신가요? ,김경은 외 [공]지음,미다스북스,818
SNS 마케팅의 7가지 법칙 ,이이타카 유타 ;무로야 료헤이 ;스즈키 슈헤이 [공]지음 ;박수현 옮김,새로운제안,325.555
교양으로 읽는 원자력 상식 ,사이토 가쓰히로 지음;이진원 옮김,시그마북스,559.1
트랜스포머로 시작하는 자연어 처리 ,Denis Rothman 저 ;김윤기 외 [공] 옮김,영진.com(영진닷컴),004.73
미국주식 투자 첫걸음 ,한명호 지음,동양북스(동양문고),327.856
"느려도 좋아, 한 걸음이면 충분해 ",서아름(빅씨스) 지음,비타북스,593.504
사이토 다카시의 훔치는 글쓰기 ,사이토 다카시 지음 ;장현주 옮김,더모던,802
사랑하는 일로 살아가는 일 ,오수영 지음,고어라운드,818
무서운 그림들 ,이원율 지음,빅피시,650.4
자기만 옳다는 사람과 대화하는 법 ,마리테레즈 브라운 지음 ;장혜경 옮김,갈매나무,189.2
애도연습 ,정혜신 지음,창비,182.3
오키나와 스파이 ,김숨 지음,모요사,813.7
일센스 99 ,고미야 가즈요시 지음;장혜영 옮김,흐름출판,325.211
200% 실패할 걸 알면서도 왜 나는 똑같은 행동을 반복하는가 ,더글러스 켄릭;블라다스 그리스케비시우스 [공]지음;조성숙 옮김,스마트비즈니스,181.91
배드트립 ,이나래 지음,미싱링크,813.7
심장이 뛰는 그대에게 ,오세민 지음,STORY.B(스토리비),813.7
디스 이즈 브랜딩 ,김도환 지음,알에이치코리아(RHK),325.5
크리에이터 이코노미 ,김현우 지음,클라우드나인,321.97
수학이 일상에서 이렇게 쓸모 있을 줄이야 ,클라라 그리마 지음 ;배유선 옮김 ;라켈 구 일러스트,하이픈,410
레이저의 탄생 ,찰스 H. 타운스 지음;김희봉 옮김,아카넷,425.525
못생김의 심리학 ,이창주 지음,몽스북,189
로케팅 ,손채현 ;장대진 [공]지음,북샾일공칠(book#107),325.555
그 변기의 역학 ,설재인 지음,한겨레출판,813.7
유럽 책방 문화 탐구 ,한미화 지음,혜화1117,013.33
(해시태그) 몰타 ,조대현 글.사진,해시태그(Hashtag),982.889
"첨벙, 하와이! ",임성득 지음,미다스북스,986.7802
영화로운 세계 ,임주리 지음,북스톤,331
"낯선 위로, 아이슬란드 ",권호영 글;제이 사진,푸른향기,982.3902
4050 생활습관 리셋 ,안병택 지음,좋은생각,517.3
"인생에 한 번쯤, 라라랜드 ",이명진 지음,위즈앤북,984.202
지금을 사는 여행 ,Little Blossom 지음,디디북스(디디컴퍼니),818
두 번째 아이 ,다비드 포앙키노스 지음;김희진 번역,문학수첩,863
슈퍼에이저 ,이정봉 지음,중앙books(중앙북스),517.3
통찰하는 기계 질문하는 리더 ,변형균 지음,한빛비즈,325.24
"내가 좋아하는 것들, 강릉 ",이정임 지음,스토리닷,818
(해시태그) 스페인＆포르투갈 자동차여행 ,조대현 지음,해시태그(Hashtag),982.702
폭력의 전염 ,이스라엘 차니 지음 ;김상기 옮김,도서출판선인(선인문화사),334.24
"말씨, 말투, 말매무새 ",한성우 지음,원더박스,701.2
당근 마케팅 ,곽지운 지음,한빛미디어,325.5
갈등 도시 ,김시덕 지음,열린책들,911.6
패션 아이템 도감 ,미조구치 야스히코 저;이해인 역,아이생각(디지털북스),592.023
대서울의 길 ,김시덕 지음,열린책들,911.6
0~3세 기적의 뇌과학 육아 ,그리어 커센바움 지음 ;이은정 옮김,21세기북스,598.1
(프렌즈) 베트남 ,안진헌 지음,중앙books(중앙북스),981.4102
왜 글은 쓴다고 해가지고 ,백가흠 지음,난다,814.7
청명상하도 :송나라의 하루 ,톈위빈 지음 ;김주희 옮김,글항아리,912
문자 살해 클럽 ,시기즈문트 크르지자놉스키 지음 ;서정 옮김,난다,892.8
바다로 돌아가는 사랑 ,월트 휘트먼 지음 ;공진호 옮김,아티초크,841
현생을 사는 이들을 위한 부처의 마음 수업 ,파우스뵐 지음 ;김대웅 편역,북플라자,220.1
(해시태그) 푸켓＆끄라비 ,조대현 ;김경진 [공]글·사진,해시태그(Hashtag),981.4402
"나의 파란, 나폴리 ",정대건 지음,안온북스,814.7
나의 인물관 ,이케다 다이사쿠 지음,중앙일보S,126
퍼스트 콘택트 ,김단비 [외]지음,달다,813.7
처음 시작하는 FastAPI ,빌 루바노빅 지음 ;한용재 ;한바름 [공]옮김,한빛미디어,005.13
니키포르 ,마리아 스트셸레츠카 글·그림;이지원 옮김,북극곰,600.99
실무로 통하는 타입스크립트 ,슈테판 바움가르트너 지음;우정은 옮김,한빛미디어,005.138
플라톤을 찢고 나온 고흐 ,조현철 지음,인문산책,600.1
확산 모델의 수학 ,오카노하라 다이스케 지음 ;손민규 옮김,제이펍,004.73
로봇랜드 ,베르타 파라모 지음 ;성소희 옮김,그림씨,559.962
(DK) 지도로 보는 전쟁사 ,DK 전쟁사 편집위원회 지음;장용원 옮김,지식의날개(방송대출판문화원),392.19
리더의 안목 ,오노 다케히코 지음;김윤경 옮김,흐름출판,325.24
폐월; 초선전 ,박서련 지음,은행나무,813.7
아버지의 원칙 ,요나스 하센 케미리 지음 ;홍재웅 옮김,민음사,859.7
로컬의 탄생 ,김대호 ;이연경 ;이중근 [공]지음,마인드빌딩,322.11
